refn,uuid,course,english,source_path
65,64dec461-8f44-4b61-b53e-63a731a9136b,1,"heating, central heating",/Volumes/Disc/1Pictures/Flashcard/central heating.jpg
14,a0229992-58d4-4d35-a342-fcb91e04365c,1,and,/Volumes/Disc/1Pictures/Flashcard/and.jpg
54,54aaa74b-1d11-4576-a052-fcca625025b6,1,someone,/Volumes/Disc/1Pictures/Flashcard/someone.jpg
183,64594994-f3ba-4635-adb3-098f5029695a,1,tomorrow,/Volumes/Disc/1Pictures/Flashcard/tomorrow.jpg
195,8d5bf983-aaac-4372-a3a7-6257c78a5154,1,moment,/Volumes/Disc/1Pictures/Flashcard/moment.jpg
317,6327cbac-f664-4e0f-8daf-73c8e45393d5,1,"if, so, yes","/Volumes/Disc/1Pictures/Flashcard/if, so, yes.jpg"
18,b86fce9c-c069-4261-b979-438e5231b544,1,our,/Volumes/Disc/1Pictures/Flashcard/our.jpg
96,7ef9467a-e9d9-4f60-989c-81170a63bc91,1,in front of,/Volumes/Disc/1Pictures/Flashcard/in front of.jpg
39,fca70126-50d9-40d3-a7b9-a560b44be281,1,lady,/Volumes/Disc/1Pictures/Flashcard/lady.jpg
446,f221e896-5584-46b1-a32e-78d7ca6d40cb,1,"flat, apartment","/Volumes/Disc/1Pictures/Flashcard/flat, apartment.jpg"
466,86e649e4-c696-488c-94bf-8e7fc1df01f0,1,park,/Volumes/Disc/1Pictures/Flashcard/park.jpg
477,3747b0bd-875c-44f3-921b-7eb46eda87ae,1,dangerous,/Volumes/Disc/1Pictures/Flashcard/dangerous.jpg
21,765c75ae-d9d7-4849-a723-4ad1b6d1d2c1,1,"above, over","/Volumes/Disc/1Pictures/Flashcard/above, over.jpg"
91,495c89f1-e1c7-4182-957b-ddaf49c51728,1,beneath,/Volumes/Disc/1Pictures/Flashcard/beneath.jpg
293,ffb40d68-1946-49e4-9c56-5def31809b47,1,"how often?, how many times?","/Volumes/Disc/1Pictures/Flashcard/how often, how many times.jpg"
388,17424350-ed96-4b79-9508-a340ffa4139a,1,fridge,/Volumes/Disc/1Pictures/Flashcard/fridge.jpg
469,3ecc0881-a0a4-4a26-806b-65b2253f46b0,1,street,/Volumes/Disc/1Pictures/Flashcard/street.jpg
26,8d8a0d93-0ee2-4642-b91d-713e922541ab,1,all (feminine),/Volumes/Disc/1Pictures/Flashcard/all.jpg
92,aaf3c725-4f48-48b9-8711-1954e3ec271e,1,around,/Volumes/Disc/1Pictures/Flashcard/around.jpg
55,72b73570-ea50-42e8-86e2-5a2883bdf7f6,1,to be called,/Volumes/Disc/1Pictures/Flashcard/be called.jpg
73,0e6dba89-88e2-496d-8e28-d09632aa8925,1,window,/Volumes/Disc/1Pictures/Flashcard/window.jpg
115,f183915e-5abb-43ed-b0b8-735b22a07832,1,near to,/Volumes/Disc/1Pictures/Flashcard/near to.jpg
28,e5e4381e-f859-4991-b36c-4bc355779324,1,"there, there it is","/Volumes/Disc/1Pictures/Flashcard/there, there it is.jpg"
47,f246c6bd-8a70-4d41-a4c1-8762d083cddf,1,man,/Volumes/Disc/1Pictures/Flashcard/man.jpg
75,554f97cf-ba03-4385-9f4c-d99890faecf9,1,clock,/Volumes/Disc/1Pictures/Flashcard/clock.jpg
95,bd370084-a54b-48c4-af77-a3698468d527,1,behind,/Volumes/Disc/1Pictures/Flashcard/behind.jpg
127,cb5e899f-1fe5-4158-9c6d-9b8a591bc19a,1,jam,/Volumes/Disc/1Pictures/Flashcard/jam.jpg
341,7b96038b-62e8-4bc2-bd00-843d380e651f,1,niece,/Volumes/Disc/1Pictures/Flashcard/niece.jpg
445,67e24fb3-59d1-473c-b225-4c49d56568a8,1,"lane, path","/Volumes/Disc/1Pictures/Flashcard/lane, path.jpg"
106,3c3e5cc1-37d7-4e34-98b1-084324b8a609,1,there,/Volumes/Disc/1Pictures/Flashcard/there.jpg
53,b152cef3-305c-4a5f-be17-88bf9096a960,1,news (pieces),/Volumes/Disc/1Pictures/Flashcard/news (pieces).jpg
123,f25e51dd-b011-46aa-8ff9-9bfd358a1f81,1,"sweet (confectionary), lolly",/Volumes/Disc/1Pictures/Flashcard/sweet.jpg
182,0c7b62ab-4521-4b79-a0d0-f6a06c09e5d9,1,already,/Volumes/Disc/1Pictures/Flashcard/already.jpg
204,be7842ee-d9ea-4210-8a72-2f7300f6db67,1,straight away (at once),/Volumes/Disc/1Pictures/Flashcard/straight away (at once).jpg
224,a4b3a85f-e73b-4079-98c8-e274c98df283,1,dry,/Volumes/Disc/1Pictures/Flashcard/dry.jpg
234,bb7e04a4-7a38-42bf-944a-3ee12184fc8c,1,to have stomach pains,/Volumes/Disc/1Pictures/Flashcard/have stomach pains.jpg
108,f267e057-8d4e-4e8e-97fc-d137492c259a,1,along,/Volumes/Disc/1Pictures/Flashcard/along.jpg
58,7845a8df-d6a7-45f9-ad6f-76a6727490e1,1,old,/Volumes/Disc/1Pictures/Flashcard/old.jpg
139,064ad957-6b2c-4546-80b5-6ac51cd225f2,1,"taste, flavour","/Volumes/Disc/1Pictures/Flashcard/taste, flavour.jpg"
178,6468a830-91c8-4b98-a1bd-6fd66326bc57,1,at the present time,/Volumes/Disc/1Pictures/Flashcard/at the present time.jpg
190,ed353aa0-8a12-4114-b46f-196b392a0ad8,1,until,/Volumes/Disc/1Pictures/Flashcard/until.jpg
240,09664c99-613c-4ec4-9d54-e963d4521fda,1,well,/Volumes/Disc/1Pictures/Flashcard/well.jpg
76,759328fc-cba2-4614-83f7-167e97e30f98,1,garden,/Volumes/Disc/1Pictures/Flashcard/garden.jpg
78,b42caea6-99a1-4fbe-9e49-9b9a18aed774,1,light,/Volumes/Disc/1Pictures/Flashcard/light.jpg
87,8039b39e-2749-4f69-9fae-f1e7582eaad1,1,to go home,/Volumes/Disc/1Pictures/Flashcard/go home.jpg
140,227b8667-a859-4bc6-93c0-09c6581694e7,1,food (sustenance),/Volumes/Disc/1Pictures/Flashcard/food (sustenance).jpg
221,2b9ee55e-9e9b-4317-87e0-7e1df7745892,1,cloud,/Volumes/Disc/1Pictures/Flashcard/cloud.jpg
271,dbc50d00-fd1b-4d24-982c-a2412ee50aec,1,to enter,/Volumes/Disc/1Pictures/Flashcard/enter.jpg
79,2c1314b9-ff9e-4223-b334-f42a211c3f13,1,house,/Volumes/Disc/1Pictures/Flashcard/house.jpg
94,d6be9089-af2d-4cb9-a392-f4a035ee8389,1,inside,/Volumes/Disc/1Pictures/Flashcard/inside.jpg
146,5973e54b-3bd3-40e3-99fe-a6d76572c2a6,1,slice of bread and butter,/Volumes/Disc/1Pictures/Flashcard/slice of bread and butter.jpg
237,4002c22b-7f9d-4302-ad7f-8feae1bebba5,1,to feel sick,/Volumes/Disc/1Pictures/Flashcard/feel sick.jpg
277,b8ac44f2-fe76-4376-b1cd-7ef18dac5a4c,1,bill (invoice),/Volumes/Disc/1Pictures/Flashcard/bill (invoice).jpg
298,d91d940e-5c65-4876-ae71-18f8d28ba990,1,last,/Volumes/Disc/1Pictures/Flashcard/last.jpg
64,46b25776-2422-4701-ab9b-82b517b1d394,1,chair,/Volumes/Disc/1Pictures/Flashcard/chair.jpg
100,2ddcb1db-560c-4466-ac58-2894cb6d3946,1,opposite,/Volumes/Disc/1Pictures/Flashcard/opposite.jpg
181,63d76afc-ac7c-422f-856c-ed32fae2f2b8,1,from time to time,/Volumes/Disc/1Pictures/Flashcard/from time to time.jpg
223,5a2dd18e-d732-42d1-8ab2-4120fbc418f7,1,rain,/Volumes/Disc/1Pictures/Flashcard/rain.jpg
253,6206cabf-a16c-486e-8802-eace466961bc,1,health,/Volumes/Disc/1Pictures/Flashcard/health.jpg
34,e4d12729-6c66-4284-b1b2-d0465a370a39,1,"older, oldest (m)","/Volumes/Disc/1Pictures/Flashcard/older, oldest.jpg"
125,b1b7a2b3-c0da-41e9-9d1e-cd96ce77210b,1,"crisps, potato chips (hard)","/Volumes/Disc/1Pictures/Flashcard/crisps, potato chips (hard).jpg"
184,c33abf97-c058-46f2-9ffa-761272282783,1,since,/Volumes/Disc/1Pictures/Flashcard/since.jpg
196,2b31adef-80b5-4ea7-97d5-8e9c8d80e949,1,night,/Volumes/Disc/1Pictures/Flashcard/night.jpg
236,b3c0acd0-764a-42f0-b8ea-f0fc8400ded4,1,to have a headache,/Volumes/Disc/1Pictures/Flashcard/have a headache.jpg
256,7feca92c-1079-4984-a529-67bf363d79a2,1,to feel,/Volumes/Disc/1Pictures/Flashcard/feel.jpg
273,4c1ea452-c7df-4ef7-b050-fd9c91cb2a2d,1,fork,/Volumes/Disc/1Pictures/Flashcard/fork.jpg
325,8d857dff-3742-4cf3-95c3-e8a43ae8237f,1,cousin (m/f),/Volumes/Disc/1Pictures/Flashcard/cousin.jpg
336,6209092d-f89f-42ab-8bd3-70d81b27bb23,1,"Mom, Mum","/Volumes/Disc/1Pictures/Flashcard/Mom, Mum.jpg"
389,69ad84e1-aa66-4e58-93f0-4d54b60239bc,1,gas,/Volumes/Disc/1Pictures/Flashcard/gas.jpg
450,07d53ccd-44ae-4ede-810f-299f92c61d13,1,noise,/Volumes/Disc/1Pictures/Flashcard/noise.jpg
470,5da4d531-ac2f-481c-9698-f5034145625c,1,"sidewalk, pavement","/Volumes/Disc/1Pictures/Flashcard/sidewalk, pavement.jpg"
112,ac6cf81e-fa42-4aa5-9292-090dd8732592,1,this way,/Volumes/Disc/1Pictures/Flashcard/this way.jpg
284,a68dba4d-3383-434c-98ee-2e825705fc9d,1,sugar,/Volumes/Disc/1Pictures/Flashcard/sugar.jpg
433,cc65699d-ce97-4375-9391-7ba3aef46c5e,1,"dark, deep colours","/Volumes/Disc/1Pictures/Flashcard/dark, deep colours.jpg"
482,268618c4-25e4-4ca9-a15c-31a37c475e33,1,excellent,/Volumes/Disc/1Pictures/Flashcard/excellent.jpg
545,76a62f6a-9382-4771-b1a8-03c4ce5f285b,1,to invite,/Volumes/Disc/1Pictures/Flashcard/invite.jpg
116,8e0adc4c-5551-4db5-84ab-521ab10631e8,1,near,/Volumes/Disc/1Pictures/Flashcard/near.jpg
297,5a7cc14a-97c9-44af-bf56-c3341c577634,1,"outside, out","/Volumes/Disc/1Pictures/Flashcard/outside, out.jpg"
382,d9e4d9e7-8d88-4099-ae2d-e478fd7b1813,1,kitchen,/Volumes/Disc/1Pictures/Flashcard/kitchen.jpg
473,da0f3407-9e72-49f2-b8b0-d3af1e446b09,1,awful,/Volumes/Disc/1Pictures/Flashcard/awful.jpg
484,dc2f3e0a-1545-4d70-aca2-54980de9a109,1,"tall, high","/Volumes/Disc/1Pictures/Flashcard/tall, high.jpg"
494,fa90c4aa-d468-41f6-a456-4291921f022e,1,possible,/Volumes/Disc/1Pictures/Flashcard/possible.jpg
119,ec7e2454-ee7e-413b-a711-4d7385939615,1,towards,/Volumes/Disc/1Pictures/Flashcard/towards.jpg
313,d26cf14c-e68a-4af8-8df2-3c20fa1cb585,1,some (m),/Volumes/Disc/1Pictures/Flashcard/some.jpg
479,4044ede7-de82-4724-acbc-3e5f18c88318,1,difficult,/Volumes/Disc/1Pictures/Flashcard/difficult.jpg
552,6cd1838c-256f-4ceb-bfcb-05928ba2026c,1,to stay,/Volumes/Disc/1Pictures/Flashcard/stay.jpg
562,ce3b8a76-bb3e-4828-a957-eaa1e6d63030,1,beef,/Volumes/Disc/1Pictures/Flashcard/beef.jpg
572,05f4eff5-c119-4f98-a326-0f3802f23863,1,seafood,/Volumes/Disc/1Pictures/Flashcard/seafood.jpg
120,84603460-f0cb-4d37-a68f-4d64ed8714cc,1,to be hungry,/Volumes/Disc/1Pictures/Flashcard/be hungry.jpg
319,0eddb9a9-905d-4279-b22e-f92c7eaa3d97,1,very,/Volumes/Disc/1Pictures/Flashcard/very.jpg
444,b55685f8-5884-46c8-8e8f-b2ce001f6e78,1,poster,/Volumes/Disc/1Pictures/Flashcard/poster.jpg
495,a100b2fd-0327-4b70-ad87-dd5b7f3a6989,1,ready,/Volumes/Disc/1Pictures/Flashcard/ready.jpg
599,55bb0276-a80d-4356-a74a-5de591815b0d,1,"home, place of residence","/Volumes/Disc/1Pictures/Flashcard/home, place of residence.jpg"
131,2f79ad7f-fc02-4b47-87a3-493f69a37aba,1,toasted cheese sandwich with fried egg,/Volumes/Disc/1Pictures/Flashcard/toasted cheese sandwich with fried egg.jpg
406,5977a647-9309-4089-97e8-418c8081133c,1,cherry,/Volumes/Disc/1Pictures/Flashcard/cherry.jpg
447,61eb51cb-bf5d-4bc2-b2a4-fc55bf4f1a02,1,avenue,/Volumes/Disc/1Pictures/Flashcard/avenue.jpg
498,767fff3b-da0f-4338-8f86-7db21c3894bc,1,surprising,/Volumes/Disc/1Pictures/Flashcard/surprising.jpg
551,e0f7ef7f-23f2-427a-8f88-f9d9195f78a3,1,to answer,/Volumes/Disc/1Pictures/Flashcard/answer.jpg
602,e611b8a7-b0e1-41e0-a527-092bf236ab8f,1,form,/Volumes/Disc/1Pictures/Flashcard/form.jpg
133,808ce32c-e2b1-4837-b3a9-7e979e0698b0,1,lunch,/Volumes/Disc/1Pictures/Flashcard/lunch.jpg
462,0482188e-6b19-4d91-b0df-7ec2063418c8,1,to live in,/Volumes/Disc/1Pictures/Flashcard/live in.jpg
503,e76ff56d-522b-4e06-9244-4107d88b8778,1,a lot,/Volumes/Disc/1Pictures/Flashcard/a lot.jpg
608,e204660d-d269-4f2b-ba0f-a8de3160b42e,1,packet,/Volumes/Disc/1Pictures/Flashcard/packet.jpg
619,341aa37e-1a90-4a66-a375-6c9fc5e3f8d4,1,brush,/Volumes/Disc/1Pictures/Flashcard/brush.jpg
536,727f5c0a-944b-4a49-964f-8245efc09758,1,to call,/Volumes/Disc/1Pictures/Flashcard/call.jpg
142,5b1d3c74-31bd-469d-8f29-0d0b3d26aa44,1,bread,/Volumes/Disc/1Pictures/Flashcard/bread.jpg
486,fa9ec2ad-985e-4720-8213-158be5584d7b,1,impossible,/Volumes/Disc/1Pictures/Flashcard/impossible.jpg
496,51181bd7-d1c5-4ff4-b48f-d32c8dde438d,1,next,/Volumes/Disc/1Pictures/Flashcard/next.jpg
579,bc799675-393b-451f-b59e-87c85ffe135d,1,roast meat,/Volumes/Disc/1Pictures/Flashcard/roast meat.jpg
141,7bbaf9b6-222b-4908-a1fc-8d475fc81622,1,egg,/Volumes/Disc/1Pictures/Flashcard/egg.jpg
487,6a6aa307-09cf-4af6-875f-279f3cf0231c,1,incredible,/Volumes/Disc/1Pictures/Flashcard/incredible.jpg
497,6a4372ac-1e33-4405-8344-0bd847a73830,1,dirty,/Volumes/Disc/1Pictures/Flashcard/dirty.jpg
560,71eec128-74f5-4988-91da-981f9eb790a2,1,beer,/Volumes/Disc/1Pictures/Flashcard/beer.jpg
633,4d6a4c7e-7091-4fd6-83f9-07a4920cc945,1,towel,/Volumes/Disc/1Pictures/Flashcard/towel.jpg
512,07592803-1ee5-4cd4-8540-2bd4a17e97bb,1,"there isn't any, there aren't any","/Volumes/Disc/1Pictures/Flashcard/there isnt any, there arent any.jpg"
522,3af40db1-cd7c-4251-8fbf-f537414482aa,1,almost,/Volumes/Disc/1Pictures/Flashcard/almost.jpg
627,a4feb45f-2bc4-49ad-b25f-fa9990fd4e6a,1,comb,/Volumes/Disc/1Pictures/Flashcard/comb.jpg
819,b1b2ef2c-2068-4ddf-8a57-3f13ae28190e,1,to get up,/Volumes/Disc/1Pictures/Flashcard/get up.jpg
850,9a2a72ab-3d15-4d35-9f7a-57897a2471b4,1,"journey, voyage","/Volumes/Disc/1Pictures/Flashcard/journey, voyage.jpg"
521,e0ef743a-c916-450d-b501-fe693f3b11c5,1,to be able,/Volumes/Disc/1Pictures/Flashcard/be able.jpg
533,30deccb5-25ff-4f76-862b-03c425de0690,1,to help,/Volumes/Disc/1Pictures/Flashcard/help!.jpg
656,9d690634-d2c8-40b8-a015-53c6a31b5773,1,eye,/Volumes/Disc/1Pictures/Flashcard/eye.jpg
676,e733bb99-8555-4e42-b68b-a57ac4f4f8f0,1,driver,/Volumes/Disc/1Pictures/Flashcard/driver.jpg
741,3d86b95c-bc58-4069-8e90-0be4e4843ac5,1,to jump,/Volumes/Disc/1Pictures/Flashcard/jump.jpg
557,bc3ef643-d778-4d0e-8230-745e698bc993,1,alcohol,/Volumes/Disc/1Pictures/Flashcard/alcohol.jpg
577,823864b6-b756-49f1-a28f-e8d47a78c295,1,fish,/Volumes/Disc/1Pictures/Flashcard/fish.jpg
609,2d1d13a0-973f-4555-8e2c-6afc139b5d05,1,coin,/Volumes/Disc/1Pictures/Flashcard/coin.jpg
660,583b3bca-9acd-4e8c-8dba-2ed98e48e6da,1,"breast, chest","/Volumes/Disc/1Pictures/Flashcard/breast, chest.jpg"
124,48f99db3-e8cb-4637-9ba8-87969fabb6df,1,cereals,/Volumes/Disc/1Pictures/Flashcard/cereals.jpg
596,fc5bafe0-ef53-44b3-8cb0-c662ba365832,1,to count,/Volumes/Disc/1Pictures/Flashcard/count.jpg
744,30d68b21-b2d4-4fb1-8c42-0c7159bcce8b,1,to pull,/Volumes/Disc/1Pictures/Flashcard/pull.jpg
755,769126c7-8d91-4a53-a9d9-19513f0a9c61,1,jeans,/Volumes/Disc/1Pictures/Flashcard/jeans.jpg
765,83f3fbe1-04ba-40a0-83d7-2526e49ac99f,1,sweater,/Volumes/Disc/1Pictures/Flashcard/sweater.jpg
134,a64a8c5a-4108-4541-84e8-4f315f73a642,1,dessert,/Volumes/Disc/1Pictures/Flashcard/dessert.jpg
600,f29f1c65-4aea-4c32-b9df-bf995d8954fb,1,to borrow,/Volumes/Disc/1Pictures/Flashcard/borrow.jpg
632,4bfbaf73-e5ea-40eb-b5e6-f2714e7ac313,1,to shave,/Volumes/Disc/1Pictures/Flashcard/shave.jpg
652,d495f014-42a3-4699-bd9e-3fadc47e6f9a,1,hand,/Volumes/Disc/1Pictures/Flashcard/hand.jpg
737,0bdda7f3-6ea0-46f6-b327-98326edc2b3b,1,to push,/Volumes/Disc/1Pictures/Flashcard/push.jpg
180,1b87be14-9c30-40fa-90e3-6bd4cf85bc26,1,soon,/Volumes/Disc/1Pictures/Flashcard/soon.jpg
643,db70f932-bfc9-40fe-bc5a-39df3fcdde20,1,finger,/Volumes/Disc/1Pictures/Flashcard/finger.jpg
760,72d6bb1f-8e47-4bb7-bcd8-7151d116d441,1,overcoat,/Volumes/Disc/1Pictures/Flashcard/overcoat.jpg
795,184ed8e1-40f7-4f49-b582-c18fafcb1b54,1,to come,/Volumes/Disc/1Pictures/Flashcard/come.jpg
886,5c9345d2-10ec-4756-a791-d1084107cea7,1,"animal, creature","/Volumes/Disc/1Pictures/Flashcard/animal, creature.jpg"
188,7a71258b-105f-4502-b0dd-4296b898d1cc,1,day (moment in time),/Volumes/Disc/1Pictures/Flashcard/day (period of time).jpg
649,0b104807-4e3c-44ea-86d1-6e799cc30ff8,1,leg,/Volumes/Disc/1Pictures/Flashcard/leg.jpg
699,49cc56ae-b10f-4a8d-ba28-03ac1909d4c2,1,to cost,/Volumes/Disc/1Pictures/Flashcard/cost.jpg
734,5814cd2e-3c43-4b63-b79d-282bc9955a6e,1,to walk,/Volumes/Disc/1Pictures/Flashcard/walk.jpg
922,f072306f-4750-4e2f-9f3e-f1971e18e1df,1,to die,/Volumes/Disc/1Pictures/Flashcard/die.jpg
982,8dc2c8a2-f639-4e8c-b0c0-fb22b1f33daa,1,completely (all done),/Volumes/Disc/1Pictures/Flashcard/completely (all done).jpg
1022,aeafd97e-88d0-4898-8969-92e1a820280a,1,disco,/Volumes/Disc/1Pictures/Flashcard/disco.jpg
193,10b0184f-fa83-475d-83a7-0348f760b837,1,morning (period of time),/Volumes/Disc/1Pictures/Flashcard/morning (period of time).jpg
655,32afab3e-e252-409e-ba83-3734a1fb44f8,1,nose,/Volumes/Disc/1Pictures/Flashcard/nose.jpg
675,5749973c-853c-4242-8cd8-81f8e1916949,1,"to validate, to date stamp a ticket",/Volumes/Disc/1Pictures/Flashcard/validate - to date stamp a ticket.jpg
730,6fb3eb64-09b5-49ea-9b32-bd2c08243a13,1,to hear,/Volumes/Disc/1Pictures/Flashcard/hear.jpg
671,d9531a27-2867-4a17-bdd0-c0ee8e1cbd8e,1,bus,/Volumes/Disc/1Pictures/Flashcard/bus.jpg
29,e5bbf5ad-5912-4e5a-b1c0-2c7ea09e91c2,1,you (formal),/Volumes/Disc/1Pictures/Flashcard/you (formal).jpg
843,0d3dd1ef-6fb7-488d-907c-eddcfd193127,1,information,/Volumes/Disc/1Pictures/Flashcard/information.jpg
854,4b34e7c6-cbc6-4c35-8d19-781871eb5965,1,see you tomorrow!,/Volumes/Disc/1Pictures/Flashcard/see you tomorrow!.jpg
864,7415cae0-ccd6-4c93-84bc-d098ec2b7d91,1,welcome,/Volumes/Disc/1Pictures/Flashcard/welcome.jpg
15,692e2ccb-3478-4faa-97e7-445c1b23a2f4,1,to be,/Volumes/Disc/1Pictures/Flashcard/be.jpg
706,1f2ed469-47fe-4449-8783-a936b1b72541,1,shop,/Volumes/Disc/1Pictures/Flashcard/shop.jpg
846,4b09f67a-1699-4b8d-86e9-ff7e91375edc,1,journey,/Volumes/Disc/1Pictures/Flashcard/journey.jpg
1037,d3211a0e-69ec-40ef-ae38-ce147ab22c5c,1,theatre,/Volumes/Disc/1Pictures/Flashcard/theatre.jpg
735,0a016979-9ba2-43a3-a51b-37cb2c4da51a,1,to put,/Volumes/Disc/1Pictures/Flashcard/put.jpg
973,01c2e410-125a-4889-8464-e66d097ab091,1,big,/Volumes/Disc/1Pictures/Flashcard/big.jpg
872,ef734826-706d-4c7a-8b16-50d3e19ab564,1,certainly,/Volumes/Disc/1Pictures/Flashcard/certainly.jpg
983,f8e09048-12e9-4236-acd2-31626ef5f961,1,"too, too much, too many","/Volumes/Disc/1Pictures/Flashcard/too, too much, too many.jpg"
1003,1a25d30d-a8b8-4040-a9e3-fbb3ef023f3c,1,sea,/Volumes/Disc/1Pictures/Flashcard/sea.jpg
753,35acba12-2340-40b3-a709-19aa109a2dcf,1,blouse,/Volumes/Disc/1Pictures/Flashcard/blouse.jpg
880,5455eca8-3827-4c66-b3e7-0be7fc433d44,1,what a pity!,/Volumes/Disc/1Pictures/Flashcard/what a pity!.jpg
917,d43255a6-1346-429b-9fdd-fe6d1d1d3349,1,"liberty, freedom",/Volumes/Disc/1Pictures/Flashcard/liberty - freedom.jpg
868,1e2649ab-60b9-464c-95ce-75f96a61fb26,1,that's to say,/Volumes/Disc/1Pictures/Flashcard/thats to say.jpg
869,93e9e1be-1681-49ce-a7e1-8e8376fb1f94,1,gosh!,/Volumes/Disc/1Pictures/Flashcard/gosh!.jpg
929,025024e3-90c4-4377-a074-e29085ec6b24,1,to smile,/Volumes/Disc/1Pictures/Flashcard/smile.jpg
870,99977511-2416-416f-a895-45db365b7940,1,that's enough!,/Volumes/Disc/1Pictures/Flashcard/thats enough.jpg
32,edfdede8-8737-454a-a013-3cb9677cb858,1,age,/Volumes/Disc/1Pictures/Flashcard/age.jpg
814,2cbd4286-76d4-4893-b30f-cc831dfd59e1,1,alarm clock,/Volumes/Disc/1Pictures/Flashcard/alarm clock.jpg
1005,52802bc8-0645-4435-89a9-9cf3e417f48b,1,mountain,/Volumes/Disc/1Pictures/Flashcard/mountain.jpg
1025,6a0822c0-57b0-4f04-9423-755e9a440eed,1,player,/Volumes/Disc/1Pictures/Flashcard/player.jpg
179,302d1c1d-d737-4174-a4d9-c367117423db,1,today,/Volumes/Disc/1Pictures/Flashcard/today.jpg
212,aaf8b16f-f88a-44a4-b327-de45cc449f58,1,degree,/Volumes/Disc/1Pictures/Flashcard/degree.jpg
251,09ed91b1-c09b-4bb9-aba5-3bef453233d8,1,better,/Volumes/Disc/1Pictures/Flashcard/better.jpg
263,674c0879-b423-41e1-8471-510e8d567cf7,1,enjoy your meal!,/Volumes/Disc/1Pictures/Flashcard/enjoy your meal.jpg
268,279e6500-caec-4bfa-8f4c-2264d79ea3c7,1,knife,/Volumes/Disc/1Pictures/Flashcard/knife.jpg
820,16656e26-768c-4956-b5fb-28122564d947,1,to rest,/Volumes/Disc/1Pictures/Flashcard/rest.jpg
931,6cc03bdf-adde-4b13-b91d-922445fe3f78,1,"truly, really","/Volumes/Disc/1Pictures/Flashcard/truly, really.jpg"
961,bc160aca-5b3d-47dc-aa5d-a259affb0341,1,approximately,/Volumes/Disc/1Pictures/Flashcard/approximately.jpg
1021,463f8b9b-713f-4a32-9da2-032aa7d07010,1,cinema,/Volumes/Disc/1Pictures/Flashcard/cinema.jpg
305,ac74b89e-4117-46f6-915c-006a333bc2c9,1,only,/Volumes/Disc/1Pictures/Flashcard/only.jpg
308,81acb9a3-33e0-4867-9b44-c4f3560c0081,1,or,/Volumes/Disc/1Pictures/Flashcard/or.jpg
847,24986750-2cf0-47dc-8657-427191c5c66d,1,"vacations, holidays","/Volumes/Disc/1Pictures/Flashcard/vacations, holidays.jpg"
878,99ebc0cc-a47e-4b32-9244-1adbf9f4b6ca,1,"I would like to, I'm willing to","/Volumes/Disc/1Pictures/Flashcard/I would like to, Im willing to.jpg"
974,07636140-c603-44ca-8e69-816f0b8b46c2,1,wide,/Volumes/Disc/1Pictures/Flashcard/wide.jpg
1026,1a333ebb-ae36-46cf-ab1c-223accd4cf21,1,newspaper,/Volumes/Disc/1Pictures/Flashcard/newspaper.jpg
980,e66ed98d-ff9c-44d9-b419-2bf990a6969d,1,full,/Volumes/Disc/1Pictures/Flashcard/full.jpg
944,9469281f-1d83-4be1-88af-79efe835fbc3,1,"mistake, error","/Volumes/Disc/1Pictures/Flashcard/mistake, error.jpg"
539,899eb478-de6c-4c24-8516-c7715d9c240f,1,to understand,/Volumes/Disc/1Pictures/Flashcard/understand.jpg
571,ff41b8ba-0a37-4ddd-930a-7c7bf9c8d243,1,water,/Volumes/Disc/1Pictures/Flashcard/water.jpg
956,bd1155d8-9371-40b6-85a0-22bcf7b689ed,1,primary,/Volumes/Disc/1Pictures/Flashcard/primary.jpg
1019,013e36d9-91ef-4191-94b5-414bd6aedac7,1,goal,/Volumes/Disc/1Pictures/Flashcard/goal.jpg
622,3221febc-7e84-46c2-b0e6-91c6f916e38c,1,toothpaste,/Volumes/Disc/1Pictures/Flashcard/toothpaste.jpg
1040,612faa14-773b-4a22-9da6-fb98c44b5b50,1,a little,/Volumes/Disc/1Pictures/Flashcard/a little.jpg
2328,63573af5-7989-49d1-8471-55826e549878,2,anywhere,/Volumes/Disc/1Pictures/Flashcard/anywhere.jpg
1181,cadca328-a1ec-4495-acc9-57d4402f943b,2,"to push (a key ,button etc)",/Volumes/Disc/1Pictures/Flashcard/push.jpg
971,891eead6-1bfc-4ba3-b365-5e5c9dcd0679,1,exactly,/Volumes/Disc/1Pictures/Flashcard/exactly.jpg
2409,dcc818df-21a7-4ab6-b0c1-d34ae297a6a9,2,Excuse me,/Volumes/Disc/1Pictures/Flashcard/excuse me.jpg
1811,0026cf8c-560d-4f1e-b229-b7439250e599,2,policeman (slang),/Volumes/Disc/1Pictures/Flashcard/policeman.jpg
752,da963e9c-626c-46b2-9b6b-84009393e23a,1,shirt,/Volumes/Disc/1Pictures/Flashcard/shirt.jpg
1890,f95c43c6-02d7-4b87-9185-000a36bdde38,2,past,/Volumes/Disc/1Pictures/Flashcard/past.jpg
1517,c113ecba-437f-42cc-b563-174dbe63a664,2,door (of vehicle),/Volumes/Disc/1Pictures/Flashcard/door.jpg
1358,0c0788cc-e27d-4b97-94af-6633f660a269,2,fridge (slang),/Volumes/Disc/1Pictures/Flashcard/fridge.jpg
805,b88cc329-42f1-4574-a531-281e620dbd33,1,to sleep,/Volumes/Disc/1Pictures/Flashcard/sleep.jpg
1560,79f23d62-1bf3-45c2-9c70-8e978bfe8ac6,2,to save (file),/Volumes/Disc/1Pictures/Flashcard/save (money).jpg
2792,f17cad32-c3d0-4210-80cc-259c58fcb4e3,2,to save (rescue),/Volumes/Disc/1Pictures/Flashcard/save (money).jpg
2352,7cbd5d4a-a4ac-474b-ac73-e45a8efeeb12,2,second (ordinal number),/Volumes/Disc/1Pictures/Flashcard/second.jpg
871,6f0b56bb-f6a3-404e-aa37-aaaea7ab451d,1,"things are fine!, it's okay!","/Volumes/Disc/1Pictures/Flashcard/things are fine, its okay.jpg"
1444,dc104ea4-a9e1-46a0-8d72-dec4ae817ede,2,lie,/Volumes/Disc/1Pictures/Flashcard/lie.jpg
4028,ad35cac2-4495-4419-86c8-0bc3ae5f268c,22,Today,/Volumes/Disc/1Pictures/Flashcard/today.jpg
1177,2cf0118c-0dd9-4ac8-af3d-81c6729b7f95,2,policeman (2),/Volumes/Disc/1Pictures/Flashcard/policeman.jpg
918,503d2728-db39-4535-b982-76697d1a3c2b,1,law,/Volumes/Disc/1Pictures/Flashcard/law.jpg
1357,fb08684b-c4af-486d-8427-c5fe819f4b16,2,"brake ,n",/Volumes/Disc/1Pictures/Flashcard/brake.jpg
947,9e620513-6a14-4547-92ba-b4a89e85bbb4,1,"examination, test","/Volumes/Disc/1Pictures/Flashcard/examination, test.jpg"
1472,633d9939-fb84-4239-a14b-ba360cdcd69d,2,snow,/Volumes/Disc/1Pictures/Flashcard/snow.jpg
1734,89a2e50d-9711-41a6-8870-2a0e0982c86a,2,school (college),/Volumes/Disc/1Pictures/Flashcard/school.jpg
1577,26ab93e7-0721-424a-b12f-30dfe0913fd2,2,sleep,/Volumes/Disc/1Pictures/Flashcard/sleep.jpg
1971,a7dbdb41-3421-48cf-a6c8-fd64e70ff0d3,2,stay,/Volumes/Disc/1Pictures/Flashcard/stay.jpg
1729,ef18a209-3529-4f68-9ed7-cb3609c6d9f1,2,change (changing),/Volumes/Disc/1Pictures/Flashcard/change (money).jpg
1755,425f5c38-c33e-4bc7-bc0b-3af29dc867e5,21,Goodbye,/Volumes/Disc/1Pictures/Flashcard/goodbye.jpg
992,730a205b-fa50-472c-a688-70ba9e5c0a77,1,star (sky),/Volumes/Disc/1Pictures/Flashcard/star (sky).jpg
1264,a214c48c-0652-462b-ba81-e5de4fb83b81,2,mail,/Volumes/Disc/1Pictures/Flashcard/mail (post).jpg
2426,29f63752-7983-42dd-a62c-099a9dab789d,2,food (groceries),/Volumes/Disc/1Pictures/Flashcard/food (sustenance).jpg
2094,335f255c-c187-4839-850d-29c5d0f98d76,2,to dance,/Volumes/Disc/1Pictures/Flashcard/dance.jpg
52,5bbeab50-a592-4091-a289-b0e7918cb6e3,1,nobody,/Volumes/Disc/1Pictures/Flashcard/nobody.jpg
113,b39d2ef4-09dd-40b3-8d94-b1e519d80e7e,1,that way,/Volumes/Disc/1Pictures/Flashcard/that way.jpg
1667,a3ef6382-8974-4047-8cdf-19469099ee97,2,year,/Volumes/Disc/1Pictures/Flashcard/year.jpg
2057,bae1bcb8-6e0c-4505-bf95-6738158e6e5b,21,Sometimes,/Volumes/Disc/1Pictures/Flashcard/sometimes.jpg
1940,2614e088-53b9-4306-974f-31fa2a342086,2,delighted (2),/Volumes/Disc/1Pictures/Flashcard/delighted.jpg
1784,044fea68-e27d-42d0-b643-f71c11a2e869,2,live (e.g. tv broadcast),/Volumes/Disc/1Pictures/Flashcard/live.jpg
2382,c9efea02-c7b1-4bc4-8242-45fa3bc152c1,2,ugly (rotten),/Volumes/Disc/1Pictures/Flashcard/ugly (unsightly).jpg
269,5e1cc73e-cbe9-4d87-add1-4095f1dbf35f,1,spoon,/Volumes/Disc/1Pictures/Flashcard/spoon.jpg
312,7102eb9c-421e-471c-b2a8-858d6123aa3a,1,something,/Volumes/Disc/1Pictures/Flashcard/something.jpg
316,f27a670e-94f0-40b6-a962-edee8432a172,1,"only, but, solely","/Volumes/Disc/1Pictures/Flashcard/only, but, solely.jpg"
343,ce7ab31b-7853-4338-986e-6c5fe3b5f963,1,Dad,/Volumes/Disc/1Pictures/Flashcard/Dad.jpg
513,61c42087-9c82-410b-b940-9576173d3ed5,1,"there is, there are","/Volumes/Disc/1Pictures/Flashcard/there is, there are.jpg"
502,2007ce6b-da0e-4619-82d7-ac8f9fe2c62d,1,"then, so","/Volumes/Disc/1Pictures/Flashcard/then, so.jpg"
438,1960cc69-ab7d-4593-afd8-22ae0ccb6eed,1,pale,/Volumes/Disc/1Pictures/Flashcard/pale.jpg
534,df93e9aa-7ce2-48f8-b2dd-29f112a6b39b,1,friendship,/Volumes/Disc/1Pictures/Flashcard/friendship.jpg
506,68f67a3b-9e6b-480f-96be-64c532f4cc80,1,"as, like","/Volumes/Disc/1Pictures/Flashcard/as, like.jpg"
642,340a7a02-6ceb-4d8c-99cf-ea6104e55a42,1,tooth,/Volumes/Disc/1Pictures/Flashcard/tooth.jpg
589,85d79779-ac80-43cf-afb3-7819606d9f56,1,bank,/Volumes/Disc/1Pictures/Flashcard/bank.jpg
646,c0910ca6-332e-4bcf-930c-0a50bcc786d3,1,stomach,/Volumes/Disc/1Pictures/Flashcard/stomach.jpg
745,0c7baf3b-841e-41dd-ae0c-032fbd1cc907,1,to fall,/Volumes/Disc/1Pictures/Flashcard/fall.jpg
2166,c1d7e6f5-e96d-436c-b8be-0cfc73f5b072,2,draw (game),/Volumes/Disc/1Pictures/Flashcard/draw.jpg
2264,47b3ce88-0004-4145-ac84-1f94eb40ab36,2,car (2),/Volumes/Disc/1Pictures/Flashcard/car.jpg
2418,f1449f97-3f6b-4ed4-b75f-6caa04cddf93,2,bus (2),/Volumes/Disc/1Pictures/Flashcard/bus.jpg
1673,3a559a6a-455e-4c1c-9d58-8fa23eb19e16,2,sit down! (formal and/or plural),/Volumes/Disc/1Pictures/Flashcard/sit down.jpg
16,6d5d160d-bac1-4d91-bbf7-50227ba3764a,1,when (l…),/Volumes/Disc/1Pictures/Flashcard/when.jpg
25,cfb290b9-af2e-4c5f-bef0-dc3df20523c5,1,all (masculine),/Volumes/Disc/1Pictures/Flashcard/all.jpg
50,61129fda-a00e-4540-9216-b6ca027226fe,1,Miss,/Volumes/Disc/1Pictures/Flashcard/Miss.jpg
241,b9a60061-4d2f-4db3-a974-95af5514f8ac,1,tablet,/Volumes/Disc/1Pictures/Flashcard/tablet.jpg
296,cd8433bf-1d7e-4c4c-87a3-1e9d9907d806,1,"of, from","/Volumes/Disc/1Pictures/Flashcard/of, from.jpg"
275,d1c89ac9-41b9-4797-9bd6-6738eac4ba7f,1,straight away (immediately),/Volumes/Disc/1Pictures/Flashcard/straight away (immediately).jpg
799,d2f47ed9-a0ce-43bd-9ba5-4433ec2c9d68,1,to feel sleepy,/Volumes/Disc/1Pictures/Flashcard/feel sleepy.jpg
451,b4002b9d-5461-4188-9c45-c65aa1f023e4,1,office,/Volumes/Disc/1Pictures/Flashcard/office.jpg
465,dfed72bd-4662-46a9-bb19-b690e7d26750,1,sign (road-sign),/Volumes/Disc/1Pictures/Flashcard/sign (road-sign).jpg
718,2b4d6f2f-ae0d-409f-b736-0064eaabdc3c,1,to accept,/Volumes/Disc/1Pictures/Flashcard/accept.jpg
977,3c9446a5-faa6-4ccc-9a12-f9e3ea485d7e,1,neither … nor,/Volumes/Disc/1Pictures/Flashcard/neither nor.jpg
1008,0af25d7b-d615-4c5d-9bf9-52086a7fc45d,1,country,/Volumes/Disc/1Pictures/Flashcard/country.jpg
51,6978700b-cb1d-4676-9a96-0051c995d34e,1,"Mister, Sir","/Volumes/Disc/1Pictures/Flashcard/Mister, Sir.jpg"
38,8d9e53cb-f95d-4176-a67e-0d3887c0dc31,1,funny,/Volumes/Disc/1Pictures/Flashcard/funny.jpg
217,e12b73d0-22e6-4af8-9958-672030d13bd5,1,it is nice (weather),/Volumes/Disc/1Pictures/Flashcard/it is nice.jpg
262,558e1676-8447-4ba3-b657-f6b7dff5680b,1,delicious (appetising),/Volumes/Disc/1Pictures/Flashcard/delicious (appetising).jpg
206,fcce301d-3cf0-4414-8174-0c9235520a15,1,pleasant,/Volumes/Disc/1Pictures/Flashcard/pleasant.jpg
207,b4aaddae-6118-4950-8a14-3e49de3e2a97,1,fog,/Volumes/Disc/1Pictures/Flashcard/fog.jpg
216,a2809ea2-57c5-4318-b0ed-0b0ddefeccd9,1,damp,/Volumes/Disc/1Pictures/Flashcard/damp.jpg
213,377313d1-c72d-45ff-b27c-480edb451632,1,strong,/Volumes/Disc/1Pictures/Flashcard/strong.jpg
294,8d72d51f-b848-4d9f-8651-6aae0b6f786f,1,how?,/Volumes/Disc/1Pictures/Flashcard/how.jpg
290,fc23b339-729e-4dfa-8106-eadb52c86d7f,1,whose?,/Volumes/Disc/1Pictures/Flashcard/whose.jpg
274,7fd2d5e2-9e10-46b3-addd-c78634618312,1,"cool, fresh","/Volumes/Disc/1Pictures/Flashcard/cool, fresh.jpg"
322,e8080ff1-eacf-41a7-97d8-7372ea81d8a4,1,sister in law,/Volumes/Disc/1Pictures/Flashcard/sister in law.jpg
853,3d9a7ed0-6e38-4a83-ba0d-f4b0e3cd76dd,1,see you soon!,/Volumes/Disc/1Pictures/Flashcard/see you soon!.jpg
1,a9e96c4b-31de-4575-9ed7-ab06a9e2bb43,1,from,/Volumes/Disc/1Pictures/Flashcard/from.jpg
77,bf7b1b76-e2a5-4319-8f14-c2dd754d5c0f,1,"laundry, washing","/Volumes/Disc/1Pictures/Flashcard/laundry, washing.jpg"
89,d9e992e9-a432-4272-bb42-3f1f9d0ecb11,1,"carpet (not fitted), rug","/Volumes/Disc/1Pictures/Flashcard/carpet (not fitted), rug.jpg"
81,00eb1804-044c-48e2-89e2-fb5cc5d53878,1,carpet (fitted),/Volumes/Disc/1Pictures/Flashcard/carpet (fitted).jpg
121,cdb2ba64-2b53-44c0-8015-7a3d5ce78fc6,1,french bread loaf,/Volumes/Disc/1Pictures/Flashcard/french bread loaf.jpg
126,0b4cd2fb-2b1e-4832-9c4a-add724bb756c,1,chocolate,/Volumes/Disc/1Pictures/Flashcard/chocolate.jpg
346,b08ab97c-7009-404c-a5ce-7cfb6c2bc04a,1,grandchildren,/Volumes/Disc/1Pictures/Flashcard/grandchildren.jpg
347,aa2f13a8-644a-4306-82ff-cef04a7b311d,1,sister,/Volumes/Disc/1Pictures/Flashcard/sister.jpg
349,f6670f56-6b68-472a-abf7-9cec80aafeb1,1,to live,/Volumes/Disc/1Pictures/Flashcard/live.jpg
359,59b06da0-6ce1-408f-b8c9-dafdba5a94dc,1,winter,/Volumes/Disc/1Pictures/Flashcard/winter.jpg
381,f428b849-1550-4836-b9d0-7be9c233ac86,1,freezer,/Volumes/Disc/1Pictures/Flashcard/freezer.jpg
383,b474e4f0-8dbd-4ea8-aa44-66cbe0c0dadf,1,"gas stove, gas cooker","/Volumes/Disc/1Pictures/Flashcard/gas stove, gas cooker.jpg"
384,6e1f3f27-baf5-4f31-9f07-38e174200a05,1,"electric stove, electric cooker","/Volumes/Disc/1Pictures/Flashcard/electric stove, electric cooker.jpg"
391,36f3656e-5d5c-4579-87a1-866ab30ab8e4,1,dishwasher,/Volumes/Disc/1Pictures/Flashcard/dishwasher.jpg
393,3a19c793-c33b-4ae2-bd91-ca839afa8f91,1,to clean,/Volumes/Disc/1Pictures/Flashcard/clean.jpg
398,881b2ebb-ad28-4a9f-b98c-a67ad209fe0d,1,stove,/Volumes/Disc/1Pictures/Flashcard/stove.jpg
399,7cd192b9-8980-4d70-9e35-809431c23ff2,1,corkscrew,/Volumes/Disc/1Pictures/Flashcard/corkscrew.jpg
397,d8c90b6d-ab10-481e-b289-82c0ca9cf5f6,1,frying pan,/Volumes/Disc/1Pictures/Flashcard/frying pan.jpg
404,261f7525-0467-47c8-b649-bb26b7c59a71,1,beetroot,/Volumes/Disc/1Pictures/Flashcard/beetroot.jpg
407,e718bf14-4f6d-4753-91de-8d4eb00dae98,1,mushroom,/Volumes/Disc/1Pictures/Flashcard/mushroom.jpg
408,556c3fde-8e3d-49c5-8705-10e8ccedf867,1,cabbage,/Volumes/Disc/1Pictures/Flashcard/cabbage.jpg
409,1e3a7652-5171-49fc-8044-98cb1a87fcdc,1,cauliflower,/Volumes/Disc/1Pictures/Flashcard/cauliflower.jpg
415,3190cc2a-d5f3-4117-b6da-1bd8e41182d3,1,lettuce,/Volumes/Disc/1Pictures/Flashcard/lettuce.jpg
463,96491674-7175-4ae0-8ff7-265f92b81efe,1,hospital,/Volumes/Disc/1Pictures/Flashcard/hospital.jpg
468,0f50920b-ce91-483f-8168-65b45f1b044a,1,road,/Volumes/Disc/1Pictures/Flashcard/road.jpg
432,bf3edeab-ae81-4f80-a7aa-31e30a58a59d,1,colour,/Volumes/Disc/1Pictures/Flashcard/colour.jpg
448,afe24eeb-39dc-43b7-a4c0-b3c3a645e19c,1,bench,/Volumes/Disc/1Pictures/Flashcard/bench.jpg
449,c68cc774-8203-4b30-812a-8800700fb558,1,building,/Volumes/Disc/1Pictures/Flashcard/building.jpg
452,ea152c44-4efa-4c1d-bcce-a1c98eb1c304,1,crossroads,/Volumes/Disc/1Pictures/Flashcard/crossroads.jpg
270,6828a9bc-68b5-4aac-826c-16b4f1ddf6fe,1,delicious,/Volumes/Disc/1Pictures/Flashcard/delicious.jpg
480,be17b6b9-a401-4f88-bb28-b2cc0c50e280,1,hard,/Volumes/Disc/1Pictures/Flashcard/hard.jpg
481,51c646db-dfec-4907-92c9-4aeed14cab56,1,strange,/Volumes/Disc/1Pictures/Flashcard/strange.jpg
500,b7ec2f79-5767-4a34-a7e6-718ee82b388f,1,empty,/Volumes/Disc/1Pictures/Flashcard/empty.jpg
525,d5359f28-8296-4eb8-b0e9-277f3da101f6,1,sometimes,/Volumes/Disc/1Pictures/Flashcard/sometimes.jpg
531,fa4ce83d-1183-4ff8-b5a6-5d012b3c103b,1,"welcome, reception","/Volumes/Disc/1Pictures/Flashcard/welcome, reception.jpg"
548,edd99450-9963-4746-8d99-289e40b1e31a,1,to talk,/Volumes/Disc/1Pictures/Flashcard/talk.jpg
550,af17b588-0d16-4718-9226-750df00e0327,1,to tell,/Volumes/Disc/1Pictures/Flashcard/tell.jpg
563,6da2faf6-eb34-44a1-9b6f-4dc69c8c03e0,1,to drink,/Volumes/Disc/1Pictures/Flashcard/drink.jpg
567,b8c0f5b5-a903-4105-9089-ec1ccb6b2c8c,1,duck,/Volumes/Disc/1Pictures/Flashcard/duck.jpg
568,7a2b14d6-f914-411d-a042-92b276a4ae47,1,cider,/Volumes/Disc/1Pictures/Flashcard/cider.jpg
569,1632fc92-44d7-4daf-8267-f0fe346ef902,1,shellfish,/Volumes/Disc/1Pictures/Flashcard/shellfish.jpg
573,fd7fb683-2cfd-4d83-976b-c850bdc92ece,1,ham,/Volumes/Disc/1Pictures/Flashcard/ham.jpg
575,00df3e16-3bc1-4c66-afea-939987cacc69,1,milk,/Volumes/Disc/1Pictures/Flashcard/milk.jpg
578,128cbad7-8741-4a89-b6f6-1635ed635b05,1,chicken,/Volumes/Disc/1Pictures/Flashcard/chicken.jpg
581,577efa1f-6a09-4210-b615-05fe9b3fb0f5,1,salami-type sausage,/Volumes/Disc/1Pictures/Flashcard/salami-type sausage.jpg
580,0e27c41b-1f5f-4344-8f56-b9b3302a69f0,1,sausage,/Volumes/Disc/1Pictures/Flashcard/sausage.jpg
611,883b58ba-7fc7-4c95-9dd6-a97f4de6182d,1,to post,/Volumes/Disc/1Pictures/Flashcard/post.jpg
624,009cd730-1338-40c5-8d72-5765a8a8dacb,1,make-up,/Volumes/Disc/1Pictures/Flashcard/make-up.jpg
638,2491449c-1308-4f3d-8ad2-8d8f698ec2f9,1,heart,/Volumes/Disc/1Pictures/Flashcard/heart.jpg
892,f79adb32-2419-4595-8e5e-b8ea734b1fe1,1,"cockerel, rooster","/Volumes/Disc/1Pictures/Flashcard/cockerel, rooster.jpg"
663,3420f66a-dac5-4757-96b1-bd5c22e0b20b,1,eyes,/Volumes/Disc/1Pictures/Flashcard/eyes.jpg
657,1dfa01e7-cb3f-4a15-af51-8661758bb181,1,ear,/Volumes/Disc/1Pictures/Flashcard/ear.jpg
664,8c990eee-30ca-4ac4-bac7-100f74964699,1,on foot,/Volumes/Disc/1Pictures/Flashcard/on foot.jpg
666,0cd0f01f-b1ac-470d-b08b-b1ef729cb6b8,1,stop,/Volumes/Disc/1Pictures/Flashcard/stop.jpg
261,4a314487-0bf2-4200-a546-5b0612ed0589,1,bill (in a café),/Volumes/Disc/1Pictures/Flashcard/bill (in a cafe).jpg
285,78e4332b-082b-4fe9-8841-ee2e4b73d006,1,sweet,/Volumes/Disc/1Pictures/Flashcard/sweet.jpg
490,f534beaf-346e-4b95-bc30-98a92f950f7d,1,"heavy, sultry","/Volumes/Disc/1Pictures/Flashcard/heavy, sultry.jpg"
199,65abb80a-f8ef-41d0-aa8d-369b27631714,1,second (time),/Volumes/Disc/1Pictures/Flashcard/second.jpg
203,8228d4ef-2167-4444-85d7-957b5ff7ec19,1,late,/Volumes/Disc/1Pictures/Flashcard/late.jpg
679,4e3506ab-494e-4ca7-80c4-7d61d2757b34,1,"petrol, gasoline","/Volumes/Disc/1Pictures/Flashcard/petrol, gasoline.jpg"
707,8bc6ed92-6647-4467-888f-e73c7a20a47c,1,market,/Volumes/Disc/1Pictures/Flashcard/market.jpg
715,73289357-173f-4e61-8b0e-129576072059,1,bag,/Volumes/Disc/1Pictures/Flashcard/bag.jpg
205,7e2469a0-0265-419d-ad4c-f6eecad8b9b5,1,quickly (fast),/Volumes/Disc/1Pictures/Flashcard/quickly (fast).jpg
593,9f836eb2-1d7f-46c8-b39e-ac99e2bb46e1,1,parcel,/Volumes/Disc/1Pictures/Flashcard/parcel.jpg
587,f51a9198-3059-4d24-bec6-5c18466bf8c9,1,address,/Volumes/Disc/1Pictures/Flashcard/address.jpg
694,27244a61-c679-40b9-8d25-32c9665cb0aa,1,how much is it?,/Volumes/Disc/1Pictures/Flashcard/how much is it.jpg
695,3e9f9d06-7197-41fd-b5c7-3cb3de29d34d,1,"dear, expensive","/Volumes/Disc/1Pictures/Flashcard/dear, expensive.jpg"
705,475e9227-d72b-4049-be92-e7cd4bf1b395,1,free (of charge),/Volumes/Disc/1Pictures/Flashcard/free.jpg
702,cbe58ce2-5b2f-455d-833c-f0ec4cefb7e5,1,to save (money),/Volumes/Disc/1Pictures/Flashcard/save (money).jpg
714,03bd2f30-2ad6-41f8-a219-c2b8c54b4ae0,1,to take,/Volumes/Disc/1Pictures/Flashcard/take.jpg
713,97381e91-b411-4fe1-a249-c73656e5ddd6,1,to pay,/Volumes/Disc/1Pictures/Flashcard/pay.jpg
720,b81f2ac5-93f1-45c0-ab84-eeb790078b06,1,to arrive,/Volumes/Disc/1Pictures/Flashcard/arrive.jpg
723,d0018ad6-e3ea-4479-bb51-e7f72272a51e,1,to sing,/Volumes/Disc/1Pictures/Flashcard/sing.jpg
722,68ad6dec-ded1-49c1-9608-5fb582618711,1,to catch,/Volumes/Disc/1Pictures/Flashcard/catch.jpg
355,5532c5bd-1d8e-4152-baba-a808bd93aa5c,1,to ask,/Volumes/Disc/1Pictures/Flashcard/ask.jpg
725,4edc0118-38be-4ab6-a983-859f64cd8973,1,to shout,/Volumes/Disc/1Pictures/Flashcard/shout.jpg
724,01442b24-dc85-41cf-8477-07cdc5bb46d7,1,to begin,/Volumes/Disc/1Pictures/Flashcard/begin.jpg
278,17065e9f-3475-4fb0-93d4-d4541f562cf5,1,pepper,/Volumes/Disc/1Pictures/Flashcard/pepper.jpg
906,c4d147dc-8800-4f04-a90f-63305300507e,1,to believe,/Volumes/Disc/1Pictures/Flashcard/believe.jpg
731,8f44b733-7104-4543-871e-8ca53d1c7d09,1,to throw (discard),/Volumes/Disc/1Pictures/Flashcard/to throw (discard).jpg
143,2b46bda6-ca12-4731-9e97-2077fc577188,1,breakfast,/Volumes/Disc/1Pictures/Flashcard/breakfast.jpg
736,09f091d7-1514-41cf-8039-7215a7bc6f99,1,to lose,/Volumes/Disc/1Pictures/Flashcard/lose.jpg
740,944342fc-98fe-429b-9626-d368b945642b,1,to sit down,/Volumes/Disc/1Pictures/Flashcard/sit down.jpg
742,3d5c3b4d-aa07-43cf-9c57-6a3922ac5b12,1,to make a mistake,/Volumes/Disc/1Pictures/Flashcard/make a mistake.jpg
750,5796b476-8d7a-44cc-a2d4-c0b0be67d04d,1,sock,/Volumes/Disc/1Pictures/Flashcard/sock.jpg
757,5d4c1c67-b57c-48a5-a77e-765dea023382,1,glasses,/Volumes/Disc/1Pictures/Flashcard/glasses.jpg
771,5028396d-603c-4329-9bac-4382d0d72a61,1,with,/Volumes/Disc/1Pictures/Flashcard/with.jpg
235,aa16c2bf-be51-45b2-b3ef-259d008e6abc,1,to have an earache,/Volumes/Disc/1Pictures/Flashcard/have an earache.jpg
238,e154a72e-776e-449b-8b16-bd5d8b0394dc,1,to have a sore back,/Volumes/Disc/1Pictures/Flashcard/have a sore back.jpg
773,47128f8c-b95e-4ef2-8024-dd9524827508,1,to say,/Volumes/Disc/1Pictures/Flashcard/say.jpg
784,a0d88939-48b3-4888-b709-19d4f9bdbc97,1,when,/Volumes/Disc/1Pictures/Flashcard/when.jpg
793,38598fdc-67e1-4bd3-b91a-76f460a6c7cb,1,to find,/Volumes/Disc/1Pictures/Flashcard/find.jpg
933,70d8fd23-cf53-454e-8654-2f9102b8959d,1,art,/Volumes/Disc/1Pictures/Flashcard/art.jpg
797,0d39c4db-032d-47e3-a7ec-da6073e14f39,1,"to wish, to want","/Volumes/Disc/1Pictures/Flashcard/wish, to want.jpg"
802,4b3f4c9a-33d9-41c8-aa4a-3decc309985d,1,to change,/Volumes/Disc/1Pictures/Flashcard/change (money).jpg
804,387290a4-37ca-42a2-a44b-3e168680c888,1,blanket,/Volumes/Disc/1Pictures/Flashcard/blanket.jpg
314,0718bd3f-7c01-4da6-877d-792b75111f0d,1,hello!,/Volumes/Disc/1Pictures/Flashcard/hello!.jpg
806,92a13abc-63a4-408e-96b6-f196d3e9f92b,1,sheet,/Volumes/Disc/1Pictures/Flashcard/sheet.jpg
811,09ebd7fa-5e8e-444a-9cb3-e2483ff54151,1,coat,/Volumes/Disc/1Pictures/Flashcard/coat.jpg
813,49b7514a-8130-4e3d-8142-0552991db4d9,1,pillow,/Volumes/Disc/1Pictures/Flashcard/pillow.jpg
817,85baf262-b568-48ed-b438-74d14a74d117,1,to go to sleep,/Volumes/Disc/1Pictures/Flashcard/go to sleep.jpg
822,4bf83c4d-3cd4-49b7-a998-a82949517cad,1,drawer,/Volumes/Disc/1Pictures/Flashcard/drawer.jpg
828,bb9c7418-d78c-4352-934d-2119ba317271,1,boat,/Volumes/Disc/1Pictures/Flashcard/boat.jpg
427,356fcb7d-8435-4753-912b-4995f56c2799,1,tomato,/Volumes/Disc/1Pictures/Flashcard/tomato.jpg
848,7f52b1ba-ae6e-4bfb-b949-f5885bc59d2f,1,suitcase,/Volumes/Disc/1Pictures/Flashcard/suitcase.jpg
818,96600f0a-3a3c-4593-b531-0a77e2c11807,1,to get dressed,/Volumes/Disc/1Pictures/Flashcard/get dressed.jpg
835,1feb0406-69a8-4851-bc81-b96a64021140,1,slowly,/Volumes/Disc/1Pictures/Flashcard/slowly.jpg
836,954a356b-7b82-4c84-96da-71815fa3871f,1,to swim,/Volumes/Disc/1Pictures/Flashcard/swim.jpg
842,82f96d26-9ce0-4a3b-8ded-7bf0aa228862,1,beach,/Volumes/Disc/1Pictures/Flashcard/beach.jpg
859,db89cd4a-24e0-4ab7-8f81-65efcd0eca05,1,to take place,/Volumes/Disc/1Pictures/Flashcard/take place.jpg
862,9204ddc0-31f5-4ea6-9bc7-809e7ec49437,1,to be wrong,/Volumes/Disc/1Pictures/Flashcard/be wrong.jpg
867,e1590c7e-c102-44eb-a9bb-30aca393cef2,1,well done!,/Volumes/Disc/1Pictures/Flashcard/well done!.jpg
620,fd679797-65eb-4940-b133-edcb66028ba5,1,toothbrush,/Volumes/Disc/1Pictures/Flashcard/toothbrush.jpg
873,1b7891c7-8f73-4311-8831-97a46a11d20b,1,so-so,/Volumes/Disc/1Pictures/Flashcard/so-so.jpg
874,bf699b81-ef5e-456b-911c-c601e2e62b16,1,okay!,/Volumes/Disc/1Pictures/Flashcard/okay.jpg
877,33b4bbda-b66e-419e-9005-97e6c95a51c0,1,I don't know!,/Volumes/Disc/1Pictures/Flashcard/I dont know.jpg
881,cfad28f7-b986-43d4-879c-203687df2e38,1,no doubt! (probably!),/Volumes/Disc/1Pictures/Flashcard/no doubt.jpg
882,725dfbbd-a65c-443c-b5f1-4b26ad10c0c3,1,help yourself! (inf.sing),/Volumes/Disc/1Pictures/Flashcard/help yourself.jpg
883,443ccc47-1e84-465c-9b9e-fe8604db35a6,1,bee,/Volumes/Disc/1Pictures/Flashcard/bee.jpg
889,03f6af74-ebc5-4026-9386-3f30bea3824a,1,dog,/Volumes/Disc/1Pictures/Flashcard/dog.jpg
890,b231f9bd-c91f-42ac-aaa8-c6c0710d944c,1,guinea pig,/Volumes/Disc/1Pictures/Flashcard/guinea pig.jpg
520,836beaef-2518-4e25-9bd5-0d73e3070873,1,me,/Volumes/Disc/1Pictures/Flashcard/me.jpg
899,bb7d739a-90ff-4824-ad9d-fe406a8d6b60,1,mouse,/Volumes/Disc/1Pictures/Flashcard/mouse.jpg
905,77fbac70-ee4d-45b3-a5d7-ad89a48a0f6b,1,against,/Volumes/Disc/1Pictures/Flashcard/against.jpg
907,f59af2e8-44ad-4096-b0f4-83e3f8862499,1,danger,/Volumes/Disc/1Pictures/Flashcard/danger.jpg
866,2c9b5b6d-a831-43f6-811a-9787ce7b30e8,1,good evening!,/Volumes/Disc/1Pictures/Flashcard/good evening.jpg
910,013cf4cf-73b3-476a-8148-b4911acc2231,1,congratulations,/Volumes/Disc/1Pictures/Flashcard/congratulations.jpg
911,0e6c0d7e-15ae-4da2-a7e0-630d12b14bc7,1,to celebrate,/Volumes/Disc/1Pictures/Flashcard/celebrate.jpg
919,920b2494-b646-41b3-8ce9-3d3f5b460a9c,1,naughty (wicked),/Volumes/Disc/1Pictures/Flashcard/naughty (wicked).jpg
894,166b053a-8bb2-4173-a1ca-63e0dc9d3098,1,insect,/Volumes/Disc/1Pictures/Flashcard/insect.jpg
914,fe4b1cec-8433-4430-bdde-9231c02bb7a2,1,serious,/Volumes/Disc/1Pictures/Flashcard/serious.jpg
923,f8472c64-5c1c-47fa-baf3-77cab7e05b81,1,birth,/Volumes/Disc/1Pictures/Flashcard/birth.jpg
955,dfe1fd35-fcb9-4f3d-b644-a5ff3596b03e,1,word,/Volumes/Disc/1Pictures/Flashcard/word.jpg
957,eac04ce8-eafe-4620-8856-ff6cde225382,1,private,/Volumes/Disc/1Pictures/Flashcard/private.jpg
925,ac28fadf-a02f-498c-ad90-b1deae8be08c,1,pleasure,/Volumes/Disc/1Pictures/Flashcard/pleasure.jpg
998,05fd97b7-0d59-4f67-9187-4b93485fc2db,1,grass,/Volumes/Disc/1Pictures/Flashcard/grass.jpg
935,0eea6100-0192-483c-ad71-ca6da97e4326,1,how do you spell that?,/Volumes/Disc/1Pictures/Flashcard/how do you spell that.jpg
939,7daefaa1-a2a3-4912-8768-b5ea2a2ec3cc,1,school,/Volumes/Disc/1Pictures/Flashcard/school.jpg
1010,5bc28da1-f655-42eb-939c-469c3dc99ab5,1,region,/Volumes/Disc/1Pictures/Flashcard/region.jpg
932,a1deca58-972e-409d-8463-ca80bd667b1f,1,to learn,/Volumes/Disc/1Pictures/Flashcard/learn.jpg
943,ac225c61-6995-424b-b9f2-9b24a8b63d70,1,test,/Volumes/Disc/1Pictures/Flashcard/test.jpg
10,9aac4225-b196-4628-9bc7-3081d696f8ab,1,good,/Volumes/Disc/1Pictures/Flashcard/good.jpg
6,e256cab4-b83b-4e22-b1b4-8d22d4e6cc90,1,goodbye!,/Volumes/Disc/1Pictures/Flashcard/goodbye.jpg
11,ff52905c-4936-455f-8ff1-a9af266fced6,1,good morning!,/Volumes/Disc/1Pictures/Flashcard/good morning.jpg
13,aca2aca8-b25f-41ed-8466-b4e78398866f,1,"still, again, yet","/Volumes/Disc/1Pictures/Flashcard/still, again, yet.jpg"
2313,41155bad-7d4a-4357-8faf-7af37ae66db1,2,inside (2),/Volumes/Disc/1Pictures/Flashcard/inside.jpg
219,37b01e10-4ce9-4bd4-a4a2-17360ad73a95,1,wet,/Volumes/Disc/1Pictures/Flashcard/wet.jpg
833,11a24d0b-a5c7-4979-97b5-df24b3f0fa66,1,guide (m/f),/Volumes/Disc/1Pictures/Flashcard/guide.jpg
976,a7673acb-feab-49cc-a019-1ae495ac1bf0,1,never,/Volumes/Disc/1Pictures/Flashcard/never.jpg
970,c480e5fa-0467-4ea1-97f1-b5613443cc1b,1,equal,/Volumes/Disc/1Pictures/Flashcard/equal.jpg
997,788ef750-183f-48d9-a281-ccb3058e4510,1,forest,/Volumes/Disc/1Pictures/Flashcard/forest.jpg
2342,7e52a8d8-91b8-48e9-8ede-b8e88b6f8fe9,2,police station (3),/Volumes/Disc/1Pictures/Flashcard/police station.jpg
532,5b4902c3-8df4-44ab-9857-f6a69eb485ee,1,"to love, adore",/Volumes/Disc/1Pictures/Flashcard/love.jpg
516,14fbbd10-8867-40c1-9dcb-f7d0d7cd305e,1,the (masculine),/Volumes/Disc/1Pictures/Flashcard/the (masculine).jpg
27,569826d8-8095-407a-a40a-a9e16abbcd33,1,here is,/Volumes/Disc/1Pictures/Flashcard/here is.jpg
35,2325e54e-4ca2-4987-b45d-72f890236629,1,birthday,/Volumes/Disc/1Pictures/Flashcard/birthday.jpg
856,513a984f-a7d3-489b-b982-2d8c8af93e84,1,help!,/Volumes/Disc/1Pictures/Flashcard/help!.jpg
863,f6e56c78-fb06-4ead-9d9f-294ea8ca2eba,1,of course!,/Volumes/Disc/1Pictures/Flashcard/of course.jpg
831,9f036638-b034-4319-8096-2a2942945750,1,customs,/Volumes/Disc/1Pictures/Flashcard/customs.jpg
865,ba68d98e-357b-4f67-95c6-0853043a58b0,1,good luck!,/Volumes/Disc/1Pictures/Flashcard/good luck!.jpg
884,a43c874d-4fce-4482-978f-be161abc3895,1,lamb,/Volumes/Disc/1Pictures/Flashcard/lamb.jpg
893,2ce0a092-beca-49d6-9e1b-d5196e8d519a,1,turkey,/Volumes/Disc/1Pictures/Flashcard/turkey.jpg
282,a2425f74-2673-43c1-85b5-2ad7cc1369b4,1,salt,/Volumes/Disc/1Pictures/Flashcard/salt.jpg
283,1689702e-16c9-4cf3-aeb8-9c4fe296d9bf,1,to serve,/Volumes/Disc/1Pictures/Flashcard/serve.jpg
303,8964029f-a419-4214-80d9-6eb71a397804,1,now,/Volumes/Disc/1Pictures/Flashcard/now.jpg
2768,ed69c2bd-1fd7-49c8-9d24-7ac2551feda0,2,of course (2),/Volumes/Disc/1Pictures/Flashcard/of course.jpg
927,79af07f9-971d-42dc-81fe-d49869a55aab,1,to be bored,/Volumes/Disc/1Pictures/Flashcard/be bored.jpg
965,40f9d920-8dca-4263-bea3-6c9f3caaf124,1,at least,/Volumes/Disc/1Pictures/Flashcard/at least.jpg
518,cde71f5e-1d94-4754-a29f-4bff1fdda9b3,1,same,/Volumes/Disc/1Pictures/Flashcard/same.jpg
478,4ad0c39e-eeab-48bd-bd0f-98996b2d2f55,1,different,/Volumes/Disc/1Pictures/Flashcard/different.jpg
951,07d06d93-f930-4cd8-b7e5-9dbd2770e823,1,correct (fair),/Volumes/Disc/1Pictures/Flashcard/correct (fair).jpg
517,75a55632-7285-4f08-b224-85ebf141052a,1,their,/Volumes/Disc/1Pictures/Flashcard/their.jpg
505,4af42e6c-f919-447c-a61f-cc1ba417dfa2,1,thing,/Volumes/Disc/1Pictures/Flashcard/thing.jpg
612,736a57e8-02c3-45ae-9fb1-3b87314c80d2,1,first name,/Volumes/Disc/1Pictures/Flashcard/first name.jpg
685,5ebebcf4-ff2c-432e-a030-f652c80701b9,1,engine,/Volumes/Disc/1Pictures/Flashcard/engine.jpg
972,84583604-0263-4f76-b31b-87db9411a557,1,shape,/Volumes/Disc/1Pictures/Flashcard/shape.jpg
727,122f2913-6e62-4f31-9eea-1b125d5ba9ee,1,to hate,/Volumes/Disc/1Pictures/Flashcard/hate.jpg
717,cd98c32c-1837-430c-865c-368a801f9ed4,1,"to check, verify",/Volumes/Disc/1Pictures/Flashcard/check.jpg
239,c7410664-a39b-4f7b-a26a-f538c1884e45,1,to have a toothache,/Volumes/Disc/1Pictures/Flashcard/have a toothache.jpg
778,54ef2fe5-15df-4111-98ae-1e2814d61ee1,1,where?,/Volumes/Disc/1Pictures/Flashcard/where.jpg
779,63a881d6-eb75-47fe-a415-a8146907f5ad,1,to think,/Volumes/Disc/1Pictures/Flashcard/think.jpg
774,0f147474-0003-4078-bd66-eb3ee43f1705,1,"to do, to make","/Volumes/Disc/1Pictures/Flashcard/do, to make.jpg"
825,9a389681-e945-42b3-996c-1ba833f1d92e,1,arrival,/Volumes/Disc/1Pictures/Flashcard/arrival.jpg
855,d41c1946-eca1-4150-9616-a0ee317e92d8,1,on the contrary,/Volumes/Disc/1Pictures/Flashcard/on the contrary.jpg
879,9256f4ab-84f9-405b-8084-e5ef95b20df3,1,excuse me! pardon me!,/Volumes/Disc/1Pictures/Flashcard/excuse me.jpg
921,2463480e-5a1d-416a-a55b-3952f63aa271,1,death,/Volumes/Disc/1Pictures/Flashcard/death.jpg
948,9484dea5-faf5-4e08-a000-a1b563bc8ce7,1,example,/Volumes/Disc/1Pictures/Flashcard/example.jpg
958,9598dbc4-ff12-4fd7-ae95-485328417a03,1,classroom,/Volumes/Disc/1Pictures/Flashcard/classroom.jpg
964,36b1e2c7-9be3-4f98-b6f3-7cc0d70218a0,1,enough,/Volumes/Disc/1Pictures/Flashcard/enough.jpg
981,f0fb3ff1-e360-4177-9ae0-7c67f64db326,1,except,/Volumes/Disc/1Pictures/Flashcard/except.jpg
986,b825c34e-9f2f-4cac-ac9d-78d69a9e7c73,1,wood,/Volumes/Disc/1Pictures/Flashcard/wood.jpg
1001,8a2f72e7-7013-40d9-918a-edd7f4a0c9b5,1,lake,/Volumes/Disc/1Pictures/Flashcard/lake.jpg
1035,e1a15f45-e3c2-4b32-92e3-7e0037cf613c,1,sport,/Volumes/Disc/1Pictures/Flashcard/sport.jpg
117,68474e30-6ec9-47dc-8aa5-1ce4894a8ef0,1,south,/Volumes/Disc/1Pictures/Flashcard/south.jpg
98,58170fe8-14b5-4366-8eb3-87c07411af30,1,in,/Volumes/Disc/1Pictures/Flashcard/in.jpg
194,23bef237-3819-43d4-b133-8070dc7d2cd7,1,minute,/Volumes/Disc/1Pictures/Flashcard/minute.jpg
232,23824241-72ae-4bc8-93fb-b4b296c8aefa,1,to look (ill),/Volumes/Disc/1Pictures/Flashcard/look (ill).jpg
248,1d906dd5-b917-4b21-9553-4650a4a88c81,1,"sick, ill","/Volumes/Disc/1Pictures/Flashcard/sick, ill.jpg"
299,c059592f-582b-4386-bbd1-c621ddd62ead,1,here,/Volumes/Disc/1Pictures/Flashcard/here.jpg
257,c3c9aa07-5496-46f9-9624-5209f1b51cb1,1,to cough,/Volumes/Disc/1Pictures/Flashcard/cough.jpg
306,8e46027c-684d-428b-95ae-ab50f530ff17,1,no,/Volumes/Disc/1Pictures/Flashcard/no.jpg
304,1d3d7a79-c042-4784-ac6a-9243c5b40b6f,1,my (m),/Volumes/Disc/1Pictures/Flashcard/my (m).jpg
326,48f72384-e54b-4b21-b40e-9c00e8ea864a,1,divorced,/Volumes/Disc/1Pictures/Flashcard/divorced.jpg
309,a16c3ec4-cac7-4f15-907b-7770dee6d953,1,yes,/Volumes/Disc/1Pictures/Flashcard/yes.jpg
310,06bd5fca-3c1f-44e3-adf9-a6735242c432,1,(the) most,/Volumes/Disc/1Pictures/Flashcard/most.jpg
327,1c0f1429-a47b-422b-a457-b3fe2f8bb285,1,wife,/Volumes/Disc/1Pictures/Flashcard/wife.jpg
416,512ac2e5-0b8e-4566-a5e7-29ab5d74c44d,1,vegetable,/Volumes/Disc/1Pictures/Flashcard/vegetable.jpg
430,ee4c3eb7-8f1d-455a-aff1-bd19d7cda4ca,1,blond,/Volumes/Disc/1Pictures/Flashcard/blond.jpg
302,8c7a1a32-4589-46de-8dda-19a8c2fe6d3f,1,my (f),/Volumes/Disc/1Pictures/Flashcard/my (f).jpg
485,005e9880-1009-4624-8542-b21ed8225556,1,important,/Volumes/Disc/1Pictures/Flashcard/important.jpg
467,0d0c3868-1888-4db7-b40e-68b0e7cd77fb,1,district,/Volumes/Disc/1Pictures/Flashcard/district.jpg
606,ce835126-1093-4a63-9246-e5abf6754d9e,1,name,/Volumes/Disc/1Pictures/Flashcard/name.jpg
570,5187866d-bc37-4139-a998-fc2555fe8561,1,chop,/Volumes/Disc/1Pictures/Flashcard/chop.jpg
635,743c5201-be3f-48b1-abbb-6dd3db7d5353,1,mouth,/Volumes/Disc/1Pictures/Flashcard/mouth.jpg
697,d2398598-bf4e-4cf2-9438-011ac3869e8a,1,to choose,/Volumes/Disc/1Pictures/Flashcard/choose.jpg
677,7af83044-a8a4-49f5-9a57-bafb60b34a62,1,to drive,/Volumes/Disc/1Pictures/Flashcard/drive.jpg
747,9a73bd30-eff0-4c80-aa49-bb257cd0e269,1,jacket (bomber),/Volumes/Disc/1Pictures/Flashcard/jacket (bomber).jpg
2205,74328d58-304f-4a7a-8944-fdf8d6b05a49,2,to tell (e.g. a story),/Volumes/Disc/1Pictures/Flashcard/tell.jpg
2192,ca861bfd-ba8c-4fa8-a4a7-423f413ef6b6,2,map (of town),/Volumes/Disc/1Pictures/Flashcard/map.jpg
2783,e2513980-0819-4c7f-a389-e3995d44c7d5,2,jacket,/Volumes/Disc/1Pictures/Flashcard/jacket (bomber).jpg
1620,bbbff51c-1bdf-4e82-9b0c-bccd607c2f81,2,quiet (tranquil),/Volumes/Disc/1Pictures/Flashcard/quiet (calm).jpg
1660,e0f17c54-a78a-43e6-b454-7808128735af,2,hello! (on the telephone),/Volumes/Disc/1Pictures/Flashcard/hello!.jpg
1747,cc621682-5819-4da0-88da-f9216a684fb3,2,phone call (2),/Volumes/Disc/1Pictures/Flashcard/phone call.jpg
211,c7e404ee-8b6a-4595-b9ab-c4d269bcd9d4,1,normally,/Volumes/Disc/1Pictures/Flashcard/normally.jpg
281,0f887272-e5ea-425d-a52b-7fb56f865889,1,gravy,/Volumes/Disc/1Pictures/Flashcard/gravy.jpg
301,d23b21f4-2dfe-44b5-946f-139217e895eb,1,I,/Volumes/Disc/1Pictures/Flashcard/I.jpg
186,6a3fdddc-2f51-4b26-8656-03592622620f,1,"time, occasion","/Volumes/Disc/1Pictures/Flashcard/time, occasion.jpg"
456,caef8e15-51a8-4657-8da9-36ace2782d31,1,"the right ,law","/Volumes/Disc/1Pictures/Flashcard/the right ,law.jpg"
329,633e49ed-d2af-4b06-907a-4dc4bbbbeff5,1,family,/Volumes/Disc/1Pictures/Flashcard/family.jpg
289,4d13dc75-93c0-43ac-9d2f-9cb8e2609b57,1,glass,/Volumes/Disc/1Pictures/Flashcard/glass.jpg
508,48c149a3-3f0e-4da2-898b-7dcbc00f2b2e,1,she,/Volumes/Disc/1Pictures/Flashcard/she.jpg
519,532cc43e-335d-49a7-954f-3fce78188d01,1,thank you,/Volumes/Disc/1Pictures/Flashcard/thank you.jpg
504,4132a419-332f-4e14-a25d-7402832d5179,1,"this, these","/Volumes/Disc/1Pictures/Flashcard/this, these.jpg"
614,f17dbefc-a15e-4554-abf0-ffc6c5bff311,1,to fill in a form,/Volumes/Disc/1Pictures/Flashcard/fill in a form.jpg
529,bc66ee2a-5189-4456-91b2-c411691313c4,1,on,/Volumes/Disc/1Pictures/Flashcard/on.jpg
501,4a1e72d7-ca26-43b5-90df-f0ee7970ddbb,1,"to, at","/Volumes/Disc/1Pictures/Flashcard/to, at.jpg"
511,0cf17255-8ace-4e6a-a2ed-d53f28a9a337,1,hour,/Volumes/Disc/1Pictures/Flashcard/hour.jpg
772,d8366ffb-f2fe-4d3d-9179-ed0328ec6ec1,1,to have,/Volumes/Disc/1Pictures/Flashcard/have.jpg
792,968b7cd0-277c-40d6-8b9b-ccbd7036749b,1,time,/Volumes/Disc/1Pictures/Flashcard/time.jpg
786,cf9ab498-f8ba-4eeb-830e-5ccdffd87fd3,1,who?,/Volumes/Disc/1Pictures/Flashcard/who.jpg
777,ec9a8e8f-8f00-4467-994e-28fa856de502,1,"us, we","/Volumes/Disc/1Pictures/Flashcard/us, we.jpg"
875,8b7b9750-1af3-4ccf-b380-df3aaded5375,1,delighted,/Volumes/Disc/1Pictures/Flashcard/delighted.jpg
590,18477cd6-e794-4bf7-9a0d-708be58e2f46,1,"cashpoint, till","/Volumes/Disc/1Pictures/Flashcard/cashpoint, till.jpg"
761,59b16649-11c4-4d51-bc9f-89a01c6cb71a,1,pocket,/Volumes/Disc/1Pictures/Flashcard/pocket.jpg
876,92f9484c-e614-4cee-a330-8bd417293376,1,sorry,/Volumes/Disc/1Pictures/Flashcard/sorry.jpg
2423,9e0c42b1-6101-458c-ab31-337c0ebaaa47,2,match (game),/Volumes/Disc/1Pictures/Flashcard/match.jpg
667,9a851304-4bc8-4c41-aa3e-67293abc14c5,1,"freeway, motorway","/Volumes/Disc/1Pictures/Flashcard/freeway, motorway.jpg"
243,9949b4b7-967c-4954-acaa-bd030470553d,1,pain,/Volumes/Disc/1Pictures/Flashcard/pain.jpg
604,2b7cd735-31e4-46c6-8d6d-9a9545ad94db,1,change (money),/Volumes/Disc/1Pictures/Flashcard/change (money).jpg
691,853d6624-edb4-402e-b045-2e08dc962bd1,1,purchase,/Volumes/Disc/1Pictures/Flashcard/purchase.jpg
99,e397da6a-89fe-41bd-8844-37d1a179f491,1,"below, downstairs","/Volumes/Disc/1Pictures/Flashcard/below, downstairs.jpg"
42,feb2e086-147a-4a6f-88e9-90239fcfe144,1,angry,/Volumes/Disc/1Pictures/Flashcard/angry.jpg
85,e9ad9f26-da28-4640-b930-b6e87281d651,1,door,/Volumes/Disc/1Pictures/Flashcard/door.jpg
37,aa447756-bbf1-42e2-8ad6-dead17b0bc43,1,famous,/Volumes/Disc/1Pictures/Flashcard/famous.jpg
102,6f2e9b55-7820-46d4-a551-584bc61c5678,1,between,/Volumes/Disc/1Pictures/Flashcard/between.jpg
83,0b2253d8-a5cf-4666-b713-1f6da82c75e4,1,lawn,/Volumes/Disc/1Pictures/Flashcard/lawn.jpg
60,42231c8a-9663-4e7f-ae58-70bca423c903,1,match,/Volumes/Disc/1Pictures/Flashcard/match.jpg
209,1abdbc34-7f2f-46ea-a293-6855f8dc3fb5,1,hot,/Volumes/Disc/1Pictures/Flashcard/hot.jpg
197,ed53f1f6-1aaf-49e9-8718-3fe1101c4882,1,during,/Volumes/Disc/1Pictures/Flashcard/during.jpg
215,e02dde2a-ead2-4160-83b9-ce650b895ed2,1,ice,/Volumes/Disc/1Pictures/Flashcard/ice.jpg
348,7d053eef-953c-4ffc-a817-1d2ce829fe5b,1,aunt,/Volumes/Disc/1Pictures/Flashcard/aunt.jpg
379,db93f533-b47f-4bf0-b548-85015c195271,1,bowl,/Volumes/Disc/1Pictures/Flashcard/bowl.jpg
419,c4343d5b-2f3f-4021-9045-fd978c6dfe05,1,peach,/Volumes/Disc/1Pictures/Flashcard/peach.jpg
279,2836e78a-7ebf-4a39-a8ec-372f80f829bb,1,to book,/Volumes/Disc/1Pictures/Flashcard/book.jpg
291,745f5c10-0b1c-4b68-b8de-c0fc1f63de03,1,"any, not any, no","/Volumes/Disc/1Pictures/Flashcard/any, not any, no.jpg"
422,3c83ddcc-2c8d-4b3b-9388-f10928ff4da6,1,apple,/Volumes/Disc/1Pictures/Flashcard/apple.jpg
337,1302aed0-ad77-4105-b4f1-f365349b99d7,1,husband,/Volumes/Disc/1Pictures/Flashcard/husband.jpg
373,9ca5b2c6-cd14-4727-af25-b4a1dfa32666,1,spring,/Volumes/Disc/1Pictures/Flashcard/spring.jpg
340,6626b386-6ace-4885-9f89-24d6194194f7,1,nephew,/Volumes/Disc/1Pictures/Flashcard/nephew.jpg
350,65528e2a-0fad-4737-9883-cdce8281d409,1,year,/Volumes/Disc/1Pictures/Flashcard/year.jpg
483,9b1c6ca5-c1a8-4156-93a4-ff16529b06a3,1,easy,/Volumes/Disc/1Pictures/Flashcard/easy.jpg
424,d1ced830-4cdb-4443-9def-7f2c4dced716,1,grape,/Volumes/Disc/1Pictures/Flashcard/grape.jpg
460,b67cbd84-89cc-4eb8-9c49-3c1f9a1ea8be,1,police station,/Volumes/Disc/1Pictures/Flashcard/police station.jpg
417,5ccf65c8-3447-4b93-9720-b7f9233b9e96,1,onion,/Volumes/Disc/1Pictures/Flashcard/onion.jpg
564,89c53a21-02c5-4a80-93fc-d5f892e77fee,1,drink,/Volumes/Disc/1Pictures/Flashcard/drink.jpg
403,5d9d6e82-af89-401d-9e0f-dfd8080ba1b2,1,banana,/Volumes/Disc/1Pictures/Flashcard/banana.jpg
461,68deaef8-ebd2-44f2-a7c4-01e387b68d9d,1,inhabitant,/Volumes/Disc/1Pictures/Flashcard/inhabitant.jpg
556,cd2967d2-592e-4e2c-95ea-4d456c6ec359,1,to go out,/Volumes/Disc/1Pictures/Flashcard/go out.jpg
586,adbdece7-643e-40ec-bf0d-3b68653c644d,1,wine,/Volumes/Disc/1Pictures/Flashcard/wine.jpg
650,b18cf417-6886-40ae-98b4-dd0f6433d619,1,cheek,/Volumes/Disc/1Pictures/Flashcard/cheek.jpg
538,37b5584d-268e-4b0d-9608-f4004163d6f5,1,kiss on cheek,/Volumes/Disc/1Pictures/Flashcard/kiss on cheek.jpg
617,79366657-fe82-432a-980d-99902e8bbff1,1,bath (tub),/Volumes/Disc/1Pictures/Flashcard/bath (tub).jpg
680,d07da6d1-717c-4696-b498-9177c6febdd8,1,to brake,/Volumes/Disc/1Pictures/Flashcard/brake.jpg
732,4db47bd8-ff3c-464f-adfb-6edcb579334e,1,"to let, to leave",/Volumes/Disc/1Pictures/Flashcard/let-to leave.jpg
603,3c93d897-8c41-49f2-8002-2dbf7969f1af,1,counter window,/Volumes/Disc/1Pictures/Flashcard/counter window.jpg
781,4b60fb28-c7d8-4071-8fa3-763c8e413b9f,1,why?,/Volumes/Disc/1Pictures/Flashcard/why.jpg
962,60b6be85-e5aa-48e3-a79a-4d055a4c1352,1,absolutely,/Volumes/Disc/1Pictures/Flashcard/absolutely.jpg
904,bf6e4346-8d03-4565-8ebd-312f78d378f8,1,"silly, stupid","/Volumes/Disc/1Pictures/Flashcard/silly, stupid.jpg"
909,fdbcc0ea-6be8-47d7-9e9a-5e7e0413be25,1,boring,/Volumes/Disc/1Pictures/Flashcard/boring.jpg
763,409d7fd1-b9a2-428d-8804-7b8674171dbb,1,pullover,/Volumes/Disc/1Pictures/Flashcard/pullover.jpg
979,f6fc2226-7148-468e-8538-af6e4de6dcc1,1,neither,/Volumes/Disc/1Pictures/Flashcard/neither.jpg
770,6726aa85-f8c6-45de-90b2-5f8acacc7511,1,to go,/Volumes/Disc/1Pictures/Flashcard/go.jpg
821,5effed79-1327-4a08-9ec2-3335df0e105b,1,to wake up,/Volumes/Disc/1Pictures/Flashcard/wake up.jpg
960,6dc87c97-1a91-4e5b-8ed3-92e93f5c0f8e,1,pen,/Volumes/Disc/1Pictures/Flashcard/pen.jpg
902,20036f61-cad1-40bf-a751-bb90f512446c,1,in haste,/Volumes/Disc/1Pictures/Flashcard/in haste.jpg
937,005c864d-cbc5-42d3-bdc5-ab90705552ff,1,pencil,/Volumes/Disc/1Pictures/Flashcard/pencil.jpg
926,bce721b8-486e-4169-b132-8b9aa8174bab,1,to cry,/Volumes/Disc/1Pictures/Flashcard/cry.jpg
1018,6cd8e623-d5e7-4837-bbda-4c86a0dd4ce4,1,"bar, pub",/Volumes/Disc/1Pictures/Flashcard/bar-pub.jpg
924,7328a8d2-3d9a-4f18-a879-10be418ff329,1,poor,/Volumes/Disc/1Pictures/Flashcard/poor.jpg
978,e4838f62-9bcf-4ffc-9863-5eec0f13ed17,1,nothing,/Volumes/Disc/1Pictures/Flashcard/nothing.jpg
990,c3e37404-2654-4c7a-a3f1-e0d0a4aaf76e,1,hill,/Volumes/Disc/1Pictures/Flashcard/hill.jpg
996,b83d0274-358b-4367-83d4-c7958da372d0,1,river,/Volumes/Disc/1Pictures/Flashcard/river.jpg
2148,c208b1b4-55a9-4044-b0fc-873944a881e6,2,Italy,/Volumes/Disc/1Pictures/Flashcard/Italy.jpg
887,5085c0ca-bf14-4bb9-b7b5-63545fa8d6d6,1,cat,/Volumes/Disc/1Pictures/Flashcard/cat.jpg
807,e06d57c5-2c6b-4010-90a0-6876c45f679a,1,tiring,/Volumes/Disc/1Pictures/Flashcard/tiring.jpg
984,4ff91c85-c4bc-406f-a952-84abde5c2ee8,1,atmosphere,/Volumes/Disc/1Pictures/Flashcard/atmosphere.jpg
832,3b74ffe6-9ab8-451a-a758-5745a44b4ded,1,"overseas, abroad","/Volumes/Disc/1Pictures/Flashcard/overseas, abroad.jpg"
930,f8dffbdf-55af-4feb-82d5-cf0f1cfa4dbd,1,suddenly,/Volumes/Disc/1Pictures/Flashcard/suddenly.jpg
80,5311a42f-88a1-4754-b0cf-9e4d2c2ab638,1,furniture,/Volumes/Disc/1Pictures/Flashcard/furniture.jpg
82,6c89e442-8502-46f5-96a1-28c925667d62,1,painting (picture),/Volumes/Disc/1Pictures/Flashcard/painting (picture).jpg
908,f7ddd0ab-b421-4505-9dc5-90b5f33c517f,1,angry  (in anger),/Volumes/Disc/1Pictures/Flashcard/angry  (in anger).jpg
841,d50f2532-34fb-4814-8658-31f835a1fd4e,1,photo,/Volumes/Disc/1Pictures/Flashcard/photo.jpg
897,ca5b6c41-72af-4f70-a006-f84e06aada2c,1,bird,/Volumes/Disc/1Pictures/Flashcard/bird.jpg
901,f4877853-7fc0-4eec-acc8-341029757f70,1,cow,/Volumes/Disc/1Pictures/Flashcard/cow.jpg
2043,eec8fbb2-2b72-4647-89b8-a23b03f68c2a,2,to water,/Volumes/Disc/1Pictures/Flashcard/water.jpg
885,dd6f5ccd-c8c2-4303-a4e4-44b460835398,1,animal,/Volumes/Disc/1Pictures/Flashcard/animal.jpg
144,8299c157-eefc-45af-b569-11e4de83e86e,1,meal,/Volumes/Disc/1Pictures/Flashcard/meal.jpg
149,2c2a32a8-f5d7-4bcd-96ac-992d443e7de3,1,fifty,/Volumes/Disc/1Pictures/Flashcard/fifty.jpg
916,b796de85-c6bf-454c-b586-1032b790fcaa,1,"light, slight","/Volumes/Disc/1Pictures/Flashcard/light, slight.jpg"
920,8ac56910-a7fc-447d-aaef-f22044da7f9d,1,to lie,/Volumes/Disc/1Pictures/Flashcard/lie.jpg
246,0fbe33f9-48ec-4b7d-96ef-e866af47a763,1,flu,/Volumes/Disc/1Pictures/Flashcard/flu.jpg
208,309c0056-702f-4e23-9e79-5d39dfb9b0d8,1,quiet (calm),/Volumes/Disc/1Pictures/Flashcard/quiet (calm).jpg
222,cd01046f-816b-465d-b79a-e3e979888c71,1,to rain,/Volumes/Disc/1Pictures/Flashcard/rain.jpg
553,c889e866-f98e-48dd-95f1-dce3e42c46d1,1,to laugh,/Volumes/Disc/1Pictures/Flashcard/laugh.jpg
324,ca7ed7b8-f065-4313-8901-b04975259de8,1,single (not married),/Volumes/Disc/1Pictures/Flashcard/single (not married).jpg
342,8a0d50f1-648f-4e24-ab1c-3beb7ead453d,1,uncle,/Volumes/Disc/1Pictures/Flashcard/uncle.jpg
687,5e60024a-c105-430e-850b-8d9579b5cc9e,1,platform,/Volumes/Disc/1Pictures/Flashcard/platform.jpg
332,ef391628-e613-4d17-9c21-fcffb6bfecdf,1,brother,/Volumes/Disc/1Pictures/Flashcard/brother.jpg
411,12851b02-166c-4f8c-bca7-f79cf9ebb33b,1,"raw vegetables, salads","/Volumes/Disc/1Pictures/Flashcard/raw vegetables, salads.jpg"
414,a4c1b61b-8e7d-4cd9-8d98-d1ef5ed715f5,1,fruit,/Volumes/Disc/1Pictures/Flashcard/fruit.jpg
413,a1b532a3-111d-413c-a732-443ea40a09d2,1,"chips, french fries","/Volumes/Disc/1Pictures/Flashcard/chips, french fries.jpg"
443,8b3627d0-5a18-4335-ac1e-32b76a885b31,1,business,/Volumes/Disc/1Pictures/Flashcard/business.jpg
474,5c9e4830-3947-47d8-a2fe-1eb2ff2c77a7,1,"former, ancient","/Volumes/Disc/1Pictures/Flashcard/former, ancient.jpg"
472,81e6c74b-c6ae-4044-b562-938825f98f83,1,"town, city",/Volumes/Disc/1Pictures/Flashcard/town-city.jpg
493,669711ef-fc69-43ad-aa8b-c538d6c6e5f4,1,small,/Volumes/Disc/1Pictures/Flashcard/small.jpg
514,e9f7e78c-16c4-4544-aabe-e98254328caa,1,they (m),/Volumes/Disc/1Pictures/Flashcard/they (m).jpg
952,4dfd21dc-b2a4-4dda-9239-02fdb1e55f24,1,lesson,/Volumes/Disc/1Pictures/Flashcard/lesson.jpg
537,97dc44fc-5124-48d7-9572-8bcb08bc3cb8,1,to be present at,/Volumes/Disc/1Pictures/Flashcard/be present at.jpg
546,3a274f0f-2712-4394-b3a5-036d6a6f74f6,1,to play,/Volumes/Disc/1Pictures/Flashcard/play.jpg
549,5fc2282e-53eb-41d6-819e-79764d2581ca,1,to introduce,/Volumes/Disc/1Pictures/Flashcard/introduce.jpg
566,4f971f52-b9a8-4d49-991c-c14c58a0a277,1,coffee,/Volumes/Disc/1Pictures/Flashcard/coffee.jpg
565,98a1adb1-f156-4374-b8e0-e64d8a1a3df6,1,cork,/Volumes/Disc/1Pictures/Flashcard/cork.jpg
594,f849c5e3-10c0-41e8-92ad-0807b4e4643d,1,commission,/Volumes/Disc/1Pictures/Flashcard/commission.jpg
601,b143a818-67a2-44e7-a72e-b588002c542b,1,to send,/Volumes/Disc/1Pictures/Flashcard/send.jpg
623,207bccf2-f8d4-4515-9efc-afe9967c30e4,1,shower,/Volumes/Disc/1Pictures/Flashcard/shower.jpg
630,75ffb856-e777-49b2-b640-f71c15e7add0,1,to bathe,/Volumes/Disc/1Pictures/Flashcard/bathe.jpg
670,bd884b83-9e34-4e2c-b13a-58b5ddbcc18f,1,"one-way ticket, single ticket","/Volumes/Disc/1Pictures/Flashcard/one-way ticket, single ticket.jpg"
674,cb7bf694-c605-488b-a724-91bc7984a58a,1,railway,/Volumes/Disc/1Pictures/Flashcard/railway.jpg
733,53dcea32-44fe-479e-85a2-6094f0e53e0d,1,to throw (launch),/Volumes/Disc/1Pictures/Flashcard/to throw (launch).jpg
758,cd1cc540-bfdc-46d3-9252-a72ea58e1d68,1,pair,/Volumes/Disc/1Pictures/Flashcard/pair.jpg
796,2e37b800-8fdd-49c3-af6e-d0d68330ddb6,1,to see,/Volumes/Disc/1Pictures/Flashcard/see.jpg
803,e1228131-1144-47bd-8586-b7006c05feec,1,chest of drawers,/Volumes/Disc/1Pictures/Flashcard/chest of drawers.jpg
823,3f67d7eb-4814-47ad-b33b-24b8588bda9a,1,airport,/Volumes/Disc/1Pictures/Flashcard/airport.jpg
829,8dc862f8-15f8-4807-a55f-32d00bc6e98f,1,map,/Volumes/Disc/1Pictures/Flashcard/map.jpg
834,53cb6ad5-0015-4c60-b30b-383703cda2db,1,hotel,/Volumes/Disc/1Pictures/Flashcard/hotel.jpg
840,f41fbba1-0a5a-45ba-b3ee-7bd1b18701dd,1,film (for camera),/Volumes/Disc/1Pictures/Flashcard/film (for camera).jpg
860,2174ea3b-8f07-4780-b6fa-e709f4247071,1,to be frightened,/Volumes/Disc/1Pictures/Flashcard/be frightened.jpg
966,71362572-1ad2-45e3-92d5-ee110ae009c4,1,"end, piece, scrap","/Volumes/Disc/1Pictures/Flashcard/end, piece, scrap.jpg"
895,2d628354-3f41-4289-bc1a-f2a58bf22d9d,1,fly,/Volumes/Disc/1Pictures/Flashcard/fly.jpg
938,9685dc7c-2bbb-4216-ad69-f5049b8b6111,1,homework,/Volumes/Disc/1Pictures/Flashcard/homework.jpg
949,367f3d36-8cbd-41cc-9965-82297eebb392,1,"rubber, eraser","/Volumes/Disc/1Pictures/Flashcard/rubber, eraser.jpg"
1004,bc8c3abd-43ee-4754-9f1e-4e993df78243,1,world,/Volumes/Disc/1Pictures/Flashcard/world.jpg
1016,aa079f46-5c71-4524-92cf-cad9f69b4297,1,bar,/Volumes/Disc/1Pictures/Flashcard/bar.jpg
1014,f72e2f38-1da7-4df8-9d70-d72977b1b845,1,"ball, bullet","/Volumes/Disc/1Pictures/Flashcard/ball, bullet.jpg"
1017,c3cfcb57-ae90-40af-8a41-bb26e1c3413b,1,basketball,/Volumes/Disc/1Pictures/Flashcard/basketball.jpg
1023,47078e04-a9d0-4755-b999-99b8776ed178,1,team,/Volumes/Disc/1Pictures/Flashcard/team.jpg
1038,8bb5f67d-411b-4507-a3eb-32389fc3c693,1,bicycle,/Volumes/Disc/1Pictures/Flashcard/bicycle.jpg
1170,185c7db5-efe4-46d9-acd4-7362138a7f06,1,beautiful,/Volumes/Disc/1Pictures/Flashcard/beautiful.jpg
605,8c9572d6-526f-4853-a8cd-4f708d3dcde4,1,nationality,/Volumes/Disc/1Pictures/Flashcard/nationality.jpg
598,ba9cfaed-056b-422a-be67-573afd218235,1,exchange rate,/Volumes/Disc/1Pictures/Flashcard/exchange rate.jpg
588,e76d568c-2215-49c9-b107-34ecb1f3c479,1,money,/Volumes/Disc/1Pictures/Flashcard/money.jpg
558,84fbbda8-3f3f-48b3-b718-66fb272d7c05,1,pre-dinner drinks,/Volumes/Disc/1Pictures/Flashcard/pre-dinner drinks.jpg
988,c62545e0-e061-4ec3-a6c0-b392e7be0913,1,field,/Volumes/Disc/1Pictures/Flashcard/field.jpg
1024,4c25c20d-2fdb-4f04-8ed7-97ca9736f7e2,1,game,/Volumes/Disc/1Pictures/Flashcard/game.jpg
1032,c7ccc14b-d11b-4fb0-bb04-b516254498b5,1,novel,/Volumes/Disc/1Pictures/Flashcard/novel.jpg
1015,09639e91-d8d8-48ea-8cde-14445db5f98e,1,ball,/Volumes/Disc/1Pictures/Flashcard/ball.jpg
1020,ba9d6346-9ddb-4b07-92c7-acf7c112e2eb,1,cigarette,/Volumes/Disc/1Pictures/Flashcard/cigarette.jpg
1033,41730ff3-aa67-41ba-8bb6-c30d8e5bc4ed,1,to have a good time,/Volumes/Disc/1Pictures/Flashcard/have a good time.jpg
1031,fa9151a4-6290-47f5-a650-9da0332fd2db,1,radio,/Volumes/Disc/1Pictures/Flashcard/radio.jpg
107,5d7a638d-e811-4231-ac75-32b852c35ec3,1,over there,/Volumes/Disc/1Pictures/Flashcard/over there.jpg
1034,21cf537b-5b64-4919-a262-f5543be2712f,1,to be interested in,/Volumes/Disc/1Pictures/Flashcard/be interested in.jpg
59,2f3e7e63-b81e-4324-a08e-725f3a3991f1,1,neighbour,/Volumes/Disc/1Pictures/Flashcard/neighbour.jpg
93,e4e54d3b-b81c-4d9a-8c42-a1a2f44e7b31,1,side,/Volumes/Disc/1Pictures/Flashcard/side.jpg
67,93c825ac-5cfb-4b04-953a-d7e4716a37de,1,key (door),/Volumes/Disc/1Pictures/Flashcard/key (door).jpg
72,9880da02-de93-4a77-be54-a43e08d64a36,1,armchair,/Volumes/Disc/1Pictures/Flashcard/armchair.jpg
109,7f2c2f06-c2ec-4b8f-ad4d-eb4b3e0a911d,1,far,/Volumes/Disc/1Pictures/Flashcard/far.jpg
200,74fb06ec-bb04-4bb3-9b43-9656d32b7991,1,century,/Volumes/Disc/1Pictures/Flashcard/century.jpg
728,abf9d170-02bc-4d40-b5e8-2db526901681,1,"to have to, must","/Volumes/Disc/1Pictures/Flashcard/have to, must.jpg"
192,745a8e44-271f-4b2f-8a97-e45866bd9c91,1,morning (moment in time),/Volumes/Disc/1Pictures/Flashcard/morning (moment in time).jpg
628,a8fa834f-4df6-41c4-bd61-cd4e83c0bc29,1,bathroom,/Volumes/Disc/1Pictures/Flashcard/bathroom.jpg
189,b109f8a0-bee4-455c-822c-01bbe48000a0,1,day (period of time),/Volumes/Disc/1Pictures/Flashcard/day (period of time).jpg
665,8b2629d6-0111-4f7d-a2a4-0161c1c30ae3,1,at full speed,/Volumes/Disc/1Pictures/Flashcard/at full speed.jpg
644,294cc8d0-38fd-4831-851c-cec6206058ff,1,back,/Volumes/Disc/1Pictures/Flashcard/back.jpg
673,991ecb61-6e60-43cd-9e19-7ad64867bff1,1,"coach, bus","/Volumes/Disc/1Pictures/Flashcard/coach, bus.jpg"
233,ed89b945-7c36-4a23-abb7-10eea5af64ad,1,to feel pain in,/Volumes/Disc/1Pictures/Flashcard/feel pain in.jpg
228,7015ea6f-f0e5-4472-84fa-ec48a1760804,1,weather,/Volumes/Disc/1Pictures/Flashcard/weather.jpg
264,45302cc0-7f90-4f67-b64f-f4715c2fa095,1,bottle,/Volumes/Disc/1Pictures/Flashcard/bottle.jpg
286,05264a2b-137e-4a6f-9043-d1c32752f446,1,table,/Volumes/Disc/1Pictures/Flashcard/table.jpg
258,3d47fa69-6b4b-473c-b570-b76e06a5cc5c,1,to shiver,/Volumes/Disc/1Pictures/Flashcard/shiver.jpg
259,411a8c5e-0bd9-434c-a5f5-eed923f4c82c,1,to vomit,/Volumes/Disc/1Pictures/Flashcard/vomit.jpg
729,2b855bad-3a7d-45b0-b790-c968791b3336,1,to last,/Volumes/Disc/1Pictures/Flashcard/last.jpg
280,bcb6b44e-19ef-4aa4-88ff-84dfd245d339,1,restaurant,/Volumes/Disc/1Pictures/Flashcard/restaurant.jpg
739,cac79bb3-1963-4538-87f5-6d7b7a132e0a,1,to watch,/Volumes/Disc/1Pictures/Flashcard/watch.jpg
692,3ef536d1-d41a-4c7b-a944-f7e47e505b9e,1,to buy,/Volumes/Disc/1Pictures/Flashcard/buy.jpg
357,2a1ae662-062d-413f-a22a-3df66cad35be,1,summer,/Volumes/Disc/1Pictures/Flashcard/summer.jpg
315,0ea48530-ad36-4fa4-9ada-66c44e46d2a0,1,"alone, single, sole","/Volumes/Disc/1Pictures/Flashcard/alone, single, sole.jpg"
300,4953b242-6934-4aef-96a1-d93852b21e8f,1,he,/Volumes/Disc/1Pictures/Flashcard/he.jpg
339,3b0b5ce3-0ca0-4722-8511-aa267f552554,1,to be born,/Volumes/Disc/1Pictures/Flashcard/be born.jpg
320,c8936117-03c1-4d4e-a7cb-79ac1406ed0b,1,with love,/Volumes/Disc/1Pictures/Flashcard/with love.jpg
331,f98633ba-1451-4f06-ba78-16b85778e273,1,son,/Volumes/Disc/1Pictures/Flashcard/son.jpg
421,11b7846f-a0fd-4a4c-b025-51df90add957,1,pear,/Volumes/Disc/1Pictures/Flashcard/pear.jpg
420,80dfea54-765f-4bd2-80b3-bebbdc384094,1,pea,/Volumes/Disc/1Pictures/Flashcard/pea.jpg
412,a4eacac2-692a-463c-88de-c9593fb4d17b,1,strawberry,/Volumes/Disc/1Pictures/Flashcard/strawberry.jpg
405,ef30ef2c-f2c8-451c-ac55-01cf23517fc1,1,carrot,/Volumes/Disc/1Pictures/Flashcard/carrot.jpg
387,8b8e19db-68c5-4212-b7c3-bd93a00ab6f5,1,microwave oven,/Volumes/Disc/1Pictures/Flashcard/microwave oven.jpg
402,ac5d7432-a618-4f1c-a9e9-4bb39dc5920d,1,pineapple,/Volumes/Disc/1Pictures/Flashcard/pineapple.jpg
499,ebd7b159-ed4c-49e8-b8d4-6c6b81dc34ed,1,terrible,/Volumes/Disc/1Pictures/Flashcard/terrible.jpg
541,42ebf298-e8b0-49e6-b45e-7999ccdcdeca,1,phone call,/Volumes/Disc/1Pictures/Flashcard/phone call.jpg
613,de27a66f-6689-4160-8666-3811806e24af,1,to lend,/Volumes/Disc/1Pictures/Flashcard/lend.jpg
584,3e844465-3ba0-4aae-86b0-f76311abba2f,1,tuna fish,/Volumes/Disc/1Pictures/Flashcard/tuna fish.jpg
625,5b776981-efad-48ca-a786-8c905fda9230,1,mirror,/Volumes/Disc/1Pictures/Flashcard/mirror.jpg
683,ada7ee77-3e8f-4434-9e74-76833d810c9d,1,oil,/Volumes/Disc/1Pictures/Flashcard/oil.jpg
704,75fd9f71-d853-4ae1-98a6-832382672ef3,1,to go shopping,/Volumes/Disc/1Pictures/Flashcard/go shopping.jpg
651,1d0cf236-b923-4611-8106-d8d07ca1613e,1,lip,/Volumes/Disc/1Pictures/Flashcard/lip.jpg
721,6e819ca6-45af-4213-a6c6-c535fd4dbfaa,1,to wait for,/Volumes/Disc/1Pictures/Flashcard/wait for.jpg
681,44d77c49-d7db-49d2-90de-9d1235825c9e,1,station,/Volumes/Disc/1Pictures/Flashcard/station.jpg
662,d0a4914d-c6b0-42fa-b6f2-a479b00473f9,1,head,/Volumes/Disc/1Pictures/Flashcard/head.jpg
708,c3064818-ab42-4826-8c94-2d99dc9c8b5e,1,to show,/Volumes/Disc/1Pictures/Flashcard/show.jpg
653,dacdb9b6-1096-48f1-aa19-e2b6ece1cc56,1,chin,/Volumes/Disc/1Pictures/Flashcard/chin.jpg
659,88886f76-ce4c-4166-965f-063ede55c0e4,1,foot,/Volumes/Disc/1Pictures/Flashcard/foot.jpg
712,f6ec8dab-3d21-4e81-9d68-c0496d4e7e72,1,car park,/Volumes/Disc/1Pictures/Flashcard/car park.jpg
698,2c592d92-eba6-4be9-b867-cc3d854d1ed0,1,customer,/Volumes/Disc/1Pictures/Flashcard/customer.jpg
1232,efeac270-25fe-45bd-a932-060e7fed7f24,2,driver,/Volumes/Disc/1Pictures/Flashcard/driver.jpg
30,9e44da5d-d818-4290-a052-b1e1d31aabd2,1,adolescent (m/f),/Volumes/Disc/1Pictures/Flashcard/adolescent.jpg
61,c301e7e5-8974-4682-998c-f6d0a9e07980,1,light bulb,/Volumes/Disc/1Pictures/Flashcard/light bulb.jpg
66,0fc650e3-acee-491c-b43e-9b61504787f0,1,"to, at the home of","/Volumes/Disc/1Pictures/Flashcard/to, at the home of.jpg"
110,beaf9472-4675-4367-9511-0ebabab702c4,1,north,/Volumes/Disc/1Pictures/Flashcard/north.jpg
9,e9fb66b3-8cd7-45b3-874f-ab2cd5108500,1,before,/Volumes/Disc/1Pictures/Flashcard/before.jpg
542,eee0e00e-a377-419c-83c9-467d3c484d71,1,to listen,/Volumes/Disc/1Pictures/Flashcard/listen.jpg
225,ddc95169-115f-4402-b6c0-bdd8a537b673,1,sun,/Volumes/Disc/1Pictures/Flashcard/sun.jpg
689,913cc754-3980-4763-b850-a5b9c1f71cc3,1,train,/Volumes/Disc/1Pictures/Flashcard/train.jpg
385,a63e0576-caa3-406d-a1df-97b37da6dc01,1,electric,/Volumes/Disc/1Pictures/Flashcard/electric.jpg
122,5e15a8c9-e103-4805-b7d4-ab847d0de42f,1,butter,/Volumes/Disc/1Pictures/Flashcard/butter.jpg
132,343df554-738e-4d85-b189-5dfc6a9c1f28,1,toasted cheese sandwich with ham,/Volumes/Disc/1Pictures/Flashcard/toasted cheese sandwich with ham.jpg
226,75c55db5-fef4-4c28-9d40-04c0cf3a7040,1,dark,/Volumes/Disc/1Pictures/Flashcard/dark.jpg
242,b1e55fec-5796-44af-adc2-41010ef608de,1,doctor,/Volumes/Disc/1Pictures/Flashcard/doctor.jpg
252,2226dc36-df03-43b7-aa48-8300ed37ce62,1,cold,/Volumes/Disc/1Pictures/Flashcard/cold.jpg
272,66862843-6d1d-4b57-adfe-267ba74a1dab,1,snail,/Volumes/Disc/1Pictures/Flashcard/snail.jpg
323,dd299b74-436a-4b0f-bc18-7d5ec0343b7e,1,"younger, youngest","/Volumes/Disc/1Pictures/Flashcard/younger, youngest.jpg"
249,184ffdea-d218-40ac-9a2c-9a846e1438bc,1,illness,/Volumes/Disc/1Pictures/Flashcard/illness.jpg
214,7ffcb794-9afd-478b-92ff-c26516927240,1,cold,/Volumes/Disc/1Pictures/Flashcard/cold.jpg
229,38eba864-418b-4007-8f82-830feb45575f,1,wind,/Volumes/Disc/1Pictures/Flashcard/wind.jpg
250,900c9026-132c-4e18-a08b-3060b92b2db7,1,doctor (physician),/Volumes/Disc/1Pictures/Flashcard/doctor (physician).jpg
255,e9b7d941-88b3-4ac9-86e4-f3ee415fc544,1,to hurt oneself,/Volumes/Disc/1Pictures/Flashcard/hurt oneself.jpg
260,0d46fba8-b4c4-4143-9fe5-0d818f9c3297,1,medium (cooking of steak),/Volumes/Disc/1Pictures/Flashcard/medium (cooking of steak).jpg
244,99f21dae-9677-4bd9-9bc6-bbe02c9b0cfb,1,in good shape,/Volumes/Disc/1Pictures/Flashcard/in good shape.jpg
423,edd73e13-1f5d-4354-9264-7f498ff45bdd,1,potato,/Volumes/Disc/1Pictures/Flashcard/potato.jpg
759,13143f4b-81ba-40ae-a8b5-1c1b8c4061c2,1,umbrella,/Volumes/Disc/1Pictures/Flashcard/umbrella.jpg
509,68ec7b78-a2d7-4b7f-bafb-5a2b61129331,1,"spot, place","/Volumes/Disc/1Pictures/Flashcard/spot, place.jpg"
338,500ff072-0488-4674-bcb6-8312edf0b553,1,mother,/Volumes/Disc/1Pictures/Flashcard/mother.jpg
595,f0be9514-3d1c-4e68-bef4-894d23fd0f56,1,account,/Volumes/Disc/1Pictures/Flashcard/account.jpg
626,5d35ca91-60b2-4642-8639-0f491d1fc4ec,1,perfume,/Volumes/Disc/1Pictures/Flashcard/perfume.jpg
515,82a9b7e2-94bf-4110-817c-baefec9c5977,1,the (feminine),/Volumes/Disc/1Pictures/Flashcard/the (feminine).jpg
547,4d776479-4e51-46ab-b48b-749dfb810033,1,letter,/Volumes/Disc/1Pictures/Flashcard/letter.jpg
526,19f17996-c7ca-4b62-8175-4a059088e2a2,1,somewhere,/Volumes/Disc/1Pictures/Flashcard/somewhere.jpg
661,4459b89e-32e9-4e63-98f0-37d759fc24d3,1,blood,/Volumes/Disc/1Pictures/Flashcard/blood.jpg
800,04e578c2-8931-426d-a2e4-f1b5628df60a,1,to brush,/Volumes/Disc/1Pictures/Flashcard/brush.jpg
810,ff9072cb-75f2-423b-a4dd-82b83e6cfcdc,1,bed,/Volumes/Disc/1Pictures/Flashcard/bed.jpg
851,7c08ec8e-05f7-4c8e-8505-2154985a7855,1,to travel,/Volumes/Disc/1Pictures/Flashcard/travel.jpg
654,74b52acf-b490-4681-b0e8-5b5369b75081,1,"thin, slim",/Volumes/Disc/1Pictures/Flashcard/thin - slim.jpg
824,a8e4b957-9b44-42f6-9c93-a702ed6e9c51,1,camera,/Volumes/Disc/1Pictures/Flashcard/camera.jpg
1227,c8a4f2e0-4ebb-4360-8f6c-4bab7784bb28,2,field (on database),/Volumes/Disc/1Pictures/Flashcard/field.jpg
2014,56117706-069b-42f7-a89c-b7bad5a3fb8b,2,stomach (belly),/Volumes/Disc/1Pictures/Flashcard/stomach.jpg
857,f4a1059c-668d-4240-9ced-edbf2140a059,1,to need,/Volumes/Disc/1Pictures/Flashcard/need.jpg
2425,7dc1a151-5cff-4a55-914b-94dd8b7d4a77,2,soup (2),/Volumes/Disc/1Pictures/Flashcard/soup.jpg
2354,0a6b45bf-4983-45e3-a30d-308b4e7336de,2,painting (chart),/Volumes/Disc/1Pictures/Flashcard/painting (picture).jpg
2436,c35ece3c-7345-4ca9-8461-248499440b66,2,happy (2),/Volumes/Disc/1Pictures/Flashcard/happy.jpg
2466,b73a4629-9620-416c-b832-231f77fb2949,2,guinea pig (2),/Volumes/Disc/1Pictures/Flashcard/guinea pig.jpg
1189,301e91e4-9e0e-473c-8b9d-702f11e26a3c,2,shower (of rain),/Volumes/Disc/1Pictures/Flashcard/shower.jpg
1585,64653cac-3f6d-420f-b61f-a29485c1fccb,2,suddenly (2),/Volumes/Disc/1Pictures/Flashcard/suddenly.jpg
1689,fc557ba0-044a-4834-a723-b2c974f7c494,2,to have a sore throat,/Volumes/Disc/1Pictures/Flashcard/have a sore throat.jpg
2,50218977-7695-417a-84ad-1db4556b3aed,1,friend (male),/Volumes/Disc/1Pictures/Flashcard/friend (male).jpg
69,d19c98d6-5fbc-44b1-ba74-d5bf68693664,1,"entry, entrance, starter, input","/Volumes/Disc/1Pictures/Flashcard/entry, entrance, starter, input.jpg"
3,098f35ac-39fb-4609-aa50-58897d07c94c,1,friend (female),/Volumes/Disc/1Pictures/Flashcard/friend (female).jpg
36,6a06de95-8554-4025-a41e-2924f1f3c3bd,1,baby,/Volumes/Disc/1Pictures/Flashcard/baby.jpg
70,afd1176a-09d9-4d7b-a383-19c79e7b113b,1,stairs,/Volumes/Disc/1Pictures/Flashcard/stairs.jpg
114,0edc1a41-cd8e-4dc4-be7e-47027deadde7,1,everywhere,/Volumes/Disc/1Pictures/Flashcard/everywhere.jpg
394,36fd1f37-f290-4a2f-9067-213535f09c74,1,can opener,/Volumes/Disc/1Pictures/Flashcard/can opener.jpg
629,b3130c4d-baf2-44c2-87ca-bc2f98f7e881,1,soap,/Volumes/Disc/1Pictures/Flashcard/soap.jpg
785,91d5686c-d19b-4f27-8a1f-a7b16ba33648,1,"what, which","/Volumes/Disc/1Pictures/Flashcard/what, which.jpg"
815,5b16234a-a1bb-4f41-8d38-32bc999bb6e6,1,curtain,/Volumes/Disc/1Pictures/Flashcard/curtain.jpg
787,85bc578e-8cc4-44f8-908e-2b5c05d27a4e,1,who (whom),/Volumes/Disc/1Pictures/Flashcard/who (whom).jpg
1009,34ca8712-d19b-47ce-839f-2953b8f7a10f,1,plant,/Volumes/Disc/1Pictures/Flashcard/plant.jpg
812,96e6249e-97e9-4d4b-a739-c5b3beff5743,1,computer,/Volumes/Disc/1Pictures/Flashcard/computer.jpg
808,d86e09f1-62d4-45cc-9600-65f04b949d5e,1,picture,/Volumes/Disc/1Pictures/Flashcard/picture.jpg
913,b63db711-b621-4890-b2c4-17f7e3732752,1,fat,/Volumes/Disc/1Pictures/Flashcard/fat.jpg
963,a61c2fd7-d8d8-487e-913d-78d7d505374e,1,sharp (acute),/Volumes/Disc/1Pictures/Flashcard/sharp.jpg
942,651dbcbb-ad6b-4448-8706-3e36464a7778,1,education,/Volumes/Disc/1Pictures/Flashcard/education.jpg
1012,611e698d-92f8-4312-9c6c-68032e43729e,1,news (current events),/Volumes/Disc/1Pictures/Flashcard/news (current events).jpg
2668,e36a07b1-4b3a-4e41-9685-6bbcd9155d78,2,to park (2),/Volumes/Disc/1Pictures/Flashcard/park.jpg
19,b953f8aa-1c17-43a3-bd54-98a481421e5a,1,"through, by","/Volumes/Disc/1Pictures/Flashcard/through, by.jpg"
68,e46df56c-b8da-4513-91b3-ec545be524a5,1,comfort,/Volumes/Disc/1Pictures/Flashcard/comfort.jpg
88,bd279a41-bc57-474f-8eef-c86d889a995f,1,room (hall),/Volumes/Disc/1Pictures/Flashcard/room (hall).jpg
74,f702689d-b70c-4fe9-b1b1-242b9319582a,1,garage,/Volumes/Disc/1Pictures/Flashcard/garage.jpg
20,4e592ceb-6411-40d6-b8f6-626eabba76ac,1,because,/Volumes/Disc/1Pictures/Flashcard/because.jpg
43,341e68f3-ad2a-4a7a-a05f-e3ccdb1a5dc1,1,"girl, daughter","/Volumes/Disc/1Pictures/Flashcard/girl, daughter.jpg"
31,ea40198d-2002-4682-b5fb-f7fac57558e4,1,adult (m/f),/Volumes/Disc/1Pictures/Flashcard/adult.jpg
49,3730bb44-b57b-4cc0-9d05-c4ebf9c08874,1,Madam,/Volumes/Disc/1Pictures/Flashcard/Madam.jpg
861,95dee1d4-2222-4abf-9317-1f9ce0b21766,1,to be right,/Volumes/Disc/1Pictures/Flashcard/be right.jpg
888,b43e152e-bbb3-43d3-b259-21d3008018bf,1,horse,/Volumes/Disc/1Pictures/Flashcard/horse.jpg
830,e357a473-0d83-40fa-8141-dde5a757b16a,1,departure,/Volumes/Disc/1Pictures/Flashcard/departure.jpg
896,e955e613-1b00-4d82-915e-dcb8b9918a0d,1,mosquito,/Volumes/Disc/1Pictures/Flashcard/mosquito.jpg
844,225138e8-1e20-435e-9f68-17b820213f22,1,sand,/Volumes/Disc/1Pictures/Flashcard/sand.jpg
838,0b373d04-2970-48a0-ab11-e765130b6f0e,1,passport,/Volumes/Disc/1Pictures/Flashcard/passport.jpg
891,19bc1392-09ae-435a-baa2-fa0dc8e669a5,1,pig,/Volumes/Disc/1Pictures/Flashcard/pig.jpg
41,c98c08bf-b167-41c1-ba0c-5b96acbc7c61,1,together,/Volumes/Disc/1Pictures/Flashcard/together.jpg
57,9622ec53-dd49-4b88-b73c-cd0727b1ef5f,1,to work,/Volumes/Disc/1Pictures/Flashcard/work.jpg
63,e46c61de-fd32-4894-9937-ae8e81793833,1,balcony,/Volumes/Disc/1Pictures/Flashcard/balcony.jpg
86,006b7951-8b95-40cd-bb33-fd617a625842,1,dust,/Volumes/Disc/1Pictures/Flashcard/dust.jpg
71,2bd4913d-bcc2-44ca-8e8b-3404be07a63b,1,shelf,/Volumes/Disc/1Pictures/Flashcard/shelf.jpg
104,871d2b91-3eaa-42dc-af81-f65e37b941f8,1,"bottom, far end","/Volumes/Disc/1Pictures/Flashcard/bottom, far end.jpg"
912,0b2c3ebd-cd8b-4611-a7e7-a749c79ebc60,1,"mad, crazy","/Volumes/Disc/1Pictures/Flashcard/mad, crazy.jpg"
135,d9754f29-07c9-41b7-9fbc-8d77ef49278f,1,dinner,/Volumes/Disc/1Pictures/Flashcard/dinner.jpg
137,9fe85aa3-b162-4678-bd19-484ad1990568,1,cake (cream),/Volumes/Disc/1Pictures/Flashcard/cake (cream).jpg
177,b757dc7b-f6a8-42ba-8529-65148a224969,1,at what time?,/Volumes/Disc/1Pictures/Flashcard/at what time.jpg
191,fa079358-1995-4e08-a72e-ba3591b5550c,1,the next day,/Volumes/Disc/1Pictures/Flashcard/the next day.jpg
198,aa808e55-f402-43f8-8687-900bd6da32f5,1,What's the time?,/Volumes/Disc/1Pictures/Flashcard/Whats the time.jpg
210,a64c06ea-f3ad-4d93-b681-96242d755a43,1,"cloudy, overcast","/Volumes/Disc/1Pictures/Flashcard/cloudy, overcast.jpg"
220,8937c1a4-7e0f-4d1c-9d44-71b4977dec17,1,to snow,/Volumes/Disc/1Pictures/Flashcard/snow.jpg
231,c6673668-9873-4d3d-b2ec-56499f810b31,1,blister,/Volumes/Disc/1Pictures/Flashcard/blister.jpg
247,7cb2e41d-f9ac-4ae1-acbd-bfa30b1e221d,1,nurse,/Volumes/Disc/1Pictures/Flashcard/nurse.jpg
945,ac8e1f3d-eab9-46d7-bf87-3cbe2ff26c3e,1,student,/Volumes/Disc/1Pictures/Flashcard/student.jpg
295,ddcaaebb-c1a9-4221-996b-54cecb7c9ade,1,in (inside),/Volumes/Disc/1Pictures/Flashcard/in (inside).jpg
318,2ae16ed6-f965-4380-b779-7ff5b4db9ced,1,often,/Volumes/Disc/1Pictures/Flashcard/often.jpg
321,f116e802-2b82-4af6-8347-94ce4aa7022d,1,brother in law,/Volumes/Disc/1Pictures/Flashcard/brother in law.jpg
335,ad895f68-7089-4691-9593-f998f55ddbdb,1,grandparents,/Volumes/Disc/1Pictures/Flashcard/grandparents.jpg
344,8b44a17b-a0fe-4157-8876-bd38bfbe8ec6,1,parents,/Volumes/Disc/1Pictures/Flashcard/parents.jpg
345,b2ef05ba-05f8-4796-a7f7-93554a0c1f5f,1,father,/Volumes/Disc/1Pictures/Flashcard/father.jpg
934,c403013b-cee0-40a1-9383-28fcde213c50,1,pen (biro),/Volumes/Disc/1Pictures/Flashcard/pen (biro).jpg
395,1dd29bfa-a1c1-4754-a275-e15f68c6640f,1,bottle opener,/Volumes/Disc/1Pictures/Flashcard/bottle opener.jpg
410,0a8fa5be-4c51-412c-863d-aff7c809e2ca,1,lemon,/Volumes/Disc/1Pictures/Flashcard/lemon.jpg
425,f08601e8-872f-49ac-ab26-1943ced497ec,1,rice,/Volumes/Disc/1Pictures/Flashcard/rice.jpg
940,7c3a37f4-4318-45f0-8049-ed70b5eb779e,1,to write,/Volumes/Disc/1Pictures/Flashcard/write.jpg
455,41749d44-c458-4f94-888f-51d52e7e53dd,1,corner,/Volumes/Disc/1Pictures/Flashcard/corner.jpg
459,5fbee06c-44c5-45c7-a8b9-5074f7f77f54,1,policeman,/Volumes/Disc/1Pictures/Flashcard/policeman.jpg
471,37f07f1c-30d2-458b-a7ba-51b69c262768,1,village,/Volumes/Disc/1Pictures/Flashcard/village.jpg
488,69c18139-4453-4549-afd7-7252187a0541,1,slow,/Volumes/Disc/1Pictures/Flashcard/slow.jpg
492,a56e29d6-25af-4038-9595-a6f29807ad3f,1,"taken, engaged, busy",/Volumes/Disc/1Pictures/Flashcard/taken - engaged - busy.jpg
953,584461fd-5e63-4150-a0ab-2e7a8f094696,1,subject,/Volumes/Disc/1Pictures/Flashcard/subject.jpg
954,47cd6c99-5e95-4963-93c1-fa95acc6d3ef,1,mixed,/Volumes/Disc/1Pictures/Flashcard/mixed.jpg
524,5da8c278-d6e0-46fb-8416-e986725a7d23,1,some (m),/Volumes/Disc/1Pictures/Flashcard/some.jpg
554,3de6a210-fa67-4aa2-87e6-53e2087eeb32,1,to go for a walk,/Volumes/Disc/1Pictures/Flashcard/go for a walk.jpg
583,90b93fcd-db2a-4865-9311-2dc60f82a6d6,1,tea,/Volumes/Disc/1Pictures/Flashcard/tea.jpg
585,dd024a5e-748e-4123-a42b-beef9c9109ee,1,meat,/Volumes/Disc/1Pictures/Flashcard/meat.jpg
991,9e1f92ed-04b9-4b3d-bfdb-e134b211090c,1,coast,/Volumes/Disc/1Pictures/Flashcard/coast.jpg
618,ece13ef2-ed6c-4348-b04c-81b6b899cf74,1,bath,/Volumes/Disc/1Pictures/Flashcard/bath.jpg
621,be29de65-4d74-4c83-a16e-1d2d86c9fc1a,1,scissors,/Volumes/Disc/1Pictures/Flashcard/scissors.jpg
636,844fcdf6-4c91-4e9a-b826-a5945872e940,1,arm,/Volumes/Disc/1Pictures/Flashcard/arm.jpg
640,50f79127-edea-4759-8ccd-e76defa1700b,1,neck,/Volumes/Disc/1Pictures/Flashcard/neck.jpg
658,49bb9778-6ca5-4b9b-b1b3-fbd35e37e061,1,bone,/Volumes/Disc/1Pictures/Flashcard/bone.jpg
668,cfe044de-c2ec-40f5-a76a-4a557830fb6f,1,plane,/Volumes/Disc/1Pictures/Flashcard/plane.jpg
678,d5c369cf-c17e-489f-a0a9-2b7de2c4e16d,1,direction,/Volumes/Disc/1Pictures/Flashcard/direction.jpg
711,fa811d6f-a8b0-4124-a63b-07cbd5641939,1,basket,/Volumes/Disc/1Pictures/Flashcard/basket.jpg
726,9ba12c06-fca6-4de2-a9d9-80b381a45b57,1,to draw,/Volumes/Disc/1Pictures/Flashcard/draw.jpg
748,51040292-8fbc-48db-b06b-5e7b36b89195,1,boot (shoe),/Volumes/Disc/1Pictures/Flashcard/boot (shoe).jpg
749,566a154c-5c3e-48c0-8667-bdc39899d7a1,1,hat,/Volumes/Disc/1Pictures/Flashcard/hat.jpg
775,c64acd16-2ffe-4d06-9a38-7003e44e8335,1,happy,/Volumes/Disc/1Pictures/Flashcard/happy.jpg
776,305d9045-bd24-48b6-833b-333ba903b0a9,1,them,/Volumes/Disc/1Pictures/Flashcard/them.jpg
789,12881331-d516-4bb2-8a9b-1316bc08d545,1,without,/Volumes/Disc/1Pictures/Flashcard/without.jpg
809,a84bbcac-b5ec-4c22-bb80-208296f7c1fa,1,lamp,/Volumes/Disc/1Pictures/Flashcard/lamp.jpg
827,0d38317d-003e-4435-90ae-925cf0709b91,1,luggage,/Volumes/Disc/1Pictures/Flashcard/luggage.jpg
852,9f3c1956-918b-48a9-b5df-9fe805c2bef9,1,traveller,/Volumes/Disc/1Pictures/Flashcard/traveller.jpg
898,23533c5d-37cd-4d50-b378-8e44bfacc13e,1,hen,/Volumes/Disc/1Pictures/Flashcard/hen.jpg
900,dc734431-2e6e-4712-a634-9fa0af074904,1,bull,/Volumes/Disc/1Pictures/Flashcard/bull.jpg
915,f9634d3a-783c-4efb-8093-32ca7aa29835,1,ugly (unsightly),/Volumes/Disc/1Pictures/Flashcard/ugly (unsightly).jpg
946,b252b906-f467-4627-80d9-a4a08c90b4e4,1,to study,/Volumes/Disc/1Pictures/Flashcard/study.jpg
967,30609e1d-9a0e-4ba0-ad31-426f2717ac70,1,each,/Volumes/Disc/1Pictures/Flashcard/each.jpg
968,74bf7a4f-4999-4a4b-a000-4390854a6aef,1,completely,/Volumes/Disc/1Pictures/Flashcard/completely.jpg
969,eeb9af89-e7e4-4880-b491-439399b4dcb8,1,short,/Volumes/Disc/1Pictures/Flashcard/short.jpg
989,4590ea65-fc30-46f4-a9dc-7490c7f013c5,1,"path, way","/Volumes/Disc/1Pictures/Flashcard/path, way.jpg"
993,496061a3-cdd3-44f1-a9b3-058443d9e332,1,farm,/Volumes/Disc/1Pictures/Flashcard/farm.jpg
995,39be3ffc-2224-4b79-a69d-9b8595fb2917,1,flower,/Volumes/Disc/1Pictures/Flashcard/flower.jpg
1002,9c27c3a9-9312-4965-bd33-9d09def7758d,1,moon,/Volumes/Disc/1Pictures/Flashcard/moon.jpg
999,5821b6ef-73c7-4279-974e-122f9c54e4b8,1,island,/Volumes/Disc/1Pictures/Flashcard/island.jpg
1027,12c7045e-d807-4198-ab8b-295932042f66,1,to read,/Volumes/Disc/1Pictures/Flashcard/read.jpg
1029,ac439bf6-5ddd-4a3c-a085-11fc1e62a395,1,hobby,/Volumes/Disc/1Pictures/Flashcard/hobby.jpg
985,d3b14a6b-2894-488b-a8f9-c37cf0485b69,1,tree,/Volumes/Disc/1Pictures/Flashcard/tree.jpg
1007,58d1c714-f511-444b-bf73-7a9b4bc78c37,1,nature,/Volumes/Disc/1Pictures/Flashcard/nature.jpg
987,d97e06e8-ca44-442d-b934-5acc70dc8dc2,1,countryside,/Volumes/Disc/1Pictures/Flashcard/countryside.jpg
994,e5f35330-59fc-4a83-ab8e-bb2bb5b5b7df,1,fire (hearth),/Volumes/Disc/1Pictures/Flashcard/fire (hearth).jpg
1006,0b1e7bad-9c86-4eca-a635-4b52e3749729,1,wall,/Volumes/Disc/1Pictures/Flashcard/wall.jpg
1013,409a295b-dcba-4bec-9322-ac753fcf5b13,1,dance,/Volumes/Disc/1Pictures/Flashcard/dance.jpg
1011,f9676f2c-f65a-4354-8520-a3b96e5614e5,1,earth,/Volumes/Disc/1Pictures/Flashcard/earth.jpg
1028,cff6c804-b91b-4f03-a856-ff3a4498b53c,1,music,/Volumes/Disc/1Pictures/Flashcard/music.jpg
1030,30d5313c-b385-43ad-aee5-23e95f311a0a,1,walk,/Volumes/Disc/1Pictures/Flashcard/walk.jpg
128,6fc1e785-8c98-4bc7-b6f0-0daa059bc0d4,1,cream,/Volumes/Disc/1Pictures/Flashcard/cream.jpg
48,df894424-6c9d-45d9-9549-fab659a29287,1,silly,/Volumes/Disc/1Pictures/Flashcard/silly.jpg
145,0462ef4c-6612-4993-85c7-b8a53478342f,1,soup,/Volumes/Disc/1Pictures/Flashcard/soup.jpg
1036,5e460a9e-a641-430e-8ca8-f76c9bddab77,1,TV set,/Volumes/Disc/1Pictures/Flashcard/TV set.jpg
45,71c01cd3-1f73-4501-9e8a-b1b098c6053a,1,cheerful,/Volumes/Disc/1Pictures/Flashcard/cheerful.jpg
62,0143baef-66f6-4ed6-a53c-941212133309,1,vacuum cleaner,/Volumes/Disc/1Pictures/Flashcard/vacuum cleaner.jpg
130,8813ff3e-d758-494a-9834-f642ca292880,1,croissant,/Volumes/Disc/1Pictures/Flashcard/croissant.jpg
56,195c2dc5-2261-4150-8740-76a27c819ebb,1,everybody,/Volumes/Disc/1Pictures/Flashcard/everybody.jpg
118,37b2877a-bb2a-4bb6-92cb-f43b8c74fb9e,1,straight on,/Volumes/Disc/1Pictures/Flashcard/straight on.jpg
138,7e40c3d8-0877-4f93-97b8-52ff3b9fc811,1,ice cream,/Volumes/Disc/1Pictures/Flashcard/ice cream.jpg
136,72b5b58c-50aa-4f14-bf25-0e0bf51f0d5e,1,cheese,/Volumes/Disc/1Pictures/Flashcard/cheese.jpg
254,f5848ffc-a1d2-4b05-a979-d49e466c8f2d,1,to break,/Volumes/Disc/1Pictures/Flashcard/break.jpg
265,890d2b9d-6efb-439b-bc12-9597b968ce9b,1,café,/Volumes/Disc/1Pictures/Flashcard/cafe.jpg
266,0eeb4c19-296b-428a-8af0-719fb1084b00,1,"to order, to lead","/Volumes/Disc/1Pictures/Flashcard/order, to lead.jpg"
288,8d0d6d9e-9b13-4987-b3f8-90d58941e0eb,1,toilets,/Volumes/Disc/1Pictures/Flashcard/toilets.jpg
287,4c06bfde-1927-4d79-a597-d18c077c5852,1,cup,/Volumes/Disc/1Pictures/Flashcard/cup.jpg
334,767582d0-dc0f-40fe-8ee9-8dbad1bb9116,1,grandfather,/Volumes/Disc/1Pictures/Flashcard/grandfather.jpg
690,6f6ab3eb-1da4-4c83-9e4d-ce6388917bec,1,car,/Volumes/Disc/1Pictures/Flashcard/car.jpg
333,36429350-0b23-45f5-a1f3-2e2b27e6bc13,1,grandmother,/Volumes/Disc/1Pictures/Flashcard/grandmother.jpg
380,bedea04a-7525-4c17-9a55-35b6c4093964,1,saucepan,/Volumes/Disc/1Pictures/Flashcard/saucepan.jpg
458,e937ed70-8cf3-44ac-81cd-cfb4ec01c1e5,1,traffic jam,/Volumes/Disc/1Pictures/Flashcard/traffic jam.jpg
392,7202fe49-6c84-4385-88bb-3822ad9c5a3f,1,to eat,/Volumes/Disc/1Pictures/Flashcard/eat.jpg
426,24482a7f-9956-48cd-a906-de2fbc8d1df3,1,"salad, lettuce","/Volumes/Disc/1Pictures/Flashcard/salad, lettuce.jpg"
457,80a0bf26-ef36-4208-b9d2-464af4c506a3,1,church,/Volumes/Disc/1Pictures/Flashcard/church.jpg
489,1eab5172-c833-4337-92b1-6e3893c82c8e,1,free,/Volumes/Disc/1Pictures/Flashcard/free.jpg
491,378a7ea8-1ac1-49a9-b874-6e7110d676de,1,"unhappy, unfortunate","/Volumes/Disc/1Pictures/Flashcard/unhappy, unfortunate.jpg"
543,3159c687-4da3-4dbd-a5be-4d6f78bd6894,1,to marry,/Volumes/Disc/1Pictures/Flashcard/marry.jpg
544,5b5972f5-e2de-46cd-88be-c1187fb94155,1,invitation,/Volumes/Disc/1Pictures/Flashcard/invitation.jpg
616,b32cdd17-76d1-4036-937f-80039b8d8693,1,"stamp, postmark","/Volumes/Disc/1Pictures/Flashcard/stamp, postmark.jpg"
639,5a6570fe-5bd4-4bdc-979e-643000dae62d,1,body,/Volumes/Disc/1Pictures/Flashcard/body.jpg
555,036c90a1-6d9f-45c3-9d48-52947c9da193,1,to meet,/Volumes/Disc/1Pictures/Flashcard/meet.jpg
631,dbdcfa3d-376c-4543-abd6-a08d307d1e24,1,to get washed,/Volumes/Disc/1Pictures/Flashcard/get washed.jpg
682,a5f382a8-0ee7-4175-a7f9-b07bad9c5808,1,to park,/Volumes/Disc/1Pictures/Flashcard/park.jpg
637,bef36250-d2fd-4d13-aafc-da296279c234,1,hair,/Volumes/Disc/1Pictures/Flashcard/hair.jpg
645,364fa189-949e-4af0-9009-9dad89459e88,1,shoulder,/Volumes/Disc/1Pictures/Flashcard/shoulder.jpg
634,e88ef0cc-5fca-404a-989b-8157dfe02d49,1,shampoo,/Volumes/Disc/1Pictures/Flashcard/shampoo.jpg
754,da5b8373-a8b9-4552-8c16-22a66b931619,1,raincoat,/Volumes/Disc/1Pictures/Flashcard/raincoat.jpg
648,b4a5cdb6-de09-4d0e-ba0b-12cdfe7cc4b1,1,curly (frizzy),/Volumes/Disc/1Pictures/Flashcard/curly.jpg
762,8684e938-585a-430b-a21f-a5dad0e33fa0,1,purse,/Volumes/Disc/1Pictures/Flashcard/purse.jpg
756,c81165f7-9ca7-4c39-950d-70399f1aaad7,1,skirt,/Volumes/Disc/1Pictures/Flashcard/skirt.jpg
764,441c4fb8-a04f-4a2a-9d63-c6a6ce1fdf73,1,dress,/Volumes/Disc/1Pictures/Flashcard/dress.jpg
1849,25733d08-7398-49b9-be61-73e85619ff4f,2,school (secondary),/Volumes/Disc/1Pictures/Flashcard/school.jpg
1966,fafb5663-ef7b-4d9f-8566-f67df482e1ef,2,school (2),/Volumes/Disc/1Pictures/Flashcard/school.jpg
2003,3b8034bb-ea0c-4fe3-9526-ec6c41526f7d,2,work,/Volumes/Disc/1Pictures/Flashcard/work.jpg
1945,15a1d5ca-4e5c-4577-a9b9-eb14ca5456e9,2,break,/Volumes/Disc/1Pictures/Flashcard/break.jpg
2160,476a8efc-52f6-4209-9239-e4215592d72d,2,book,/Volumes/Disc/1Pictures/Flashcard/book.jpg
2288,a9d55062-3be2-4a0c-a939-52980aed4e51,2,police station (2),/Volumes/Disc/1Pictures/Flashcard/police station.jpg
1632,919f74d2-520e-495d-947e-a4566bdb358d,2,star (movie),/Volumes/Disc/1Pictures/Flashcard/star (sky).jpg
22,6c92d7d8-afbe-43e7-b5e0-20eef2593b57,1,for,/Volumes/Disc/1Pictures/Flashcard/for.jpg
105,7f9e9b8a-424f-40cb-81e7-8c2f366c5406,1,left,/Volumes/Disc/1Pictures/Flashcard/left.jpg
24,1b94d158-de31-4886-a2bb-42e98dacce74,1,"still, always","/Volumes/Disc/1Pictures/Flashcard/still, always.jpg"
44,22f7e45b-146d-4ec3-8d74-8a5e668a907d,1,crowd,/Volumes/Disc/1Pictures/Flashcard/crowd.jpg
7,97d10259-0358-4e99-b518-fcb9e37b78e5,1,also,/Volumes/Disc/1Pictures/Flashcard/also.jpg
201,58ee5c1c-320e-4756-9571-1e621060f9ab,1,evening (moment in time),/Volumes/Disc/1Pictures/Flashcard/evening (moment in time).jpg
307,2ce8bba4-a172-4e41-8826-14c31c05d67c,1,new,/Volumes/Disc/1Pictures/Flashcard/new.jpg
328,385ddc22-7c9a-4f55-bff6-44454400ba09,1,husband (spouse),/Volumes/Disc/1Pictures/Flashcard/husband (spouse).jpg
101,a2478da3-e7d9-4560-9a79-5858e6b7b153,1,surrounded by,/Volumes/Disc/1Pictures/Flashcard/surrounded by.jpg
202,94802b6b-44ca-49f2-ae5c-c7bb9cb17332,1,evening (period of time),/Volumes/Disc/1Pictures/Flashcard/evening (period of time).jpg
185,3b8959a0-9d1f-4321-90c4-19a922e815ee,1,end,/Volumes/Disc/1Pictures/Flashcard/end.jpg
97,362fa2b6-80c3-4f8e-a003-c2742c746a5d,1,right,/Volumes/Disc/1Pictures/Flashcard/right.jpg
218,da0ec29c-b3f2-4567-8e52-a8b20b8574fd,1,bad,/Volumes/Disc/1Pictures/Flashcard/bad.jpg
386,8149c34d-1fe2-4b80-9da1-51994b13e5f3,1,sink,/Volumes/Disc/1Pictures/Flashcard/sink.jpg
396,204b1d60-7618-4683-a7f5-4bfc86fa68c6,1,cupboard,/Volumes/Disc/1Pictures/Flashcard/cupboard.jpg
129,182817f2-f74a-4e4f-b65c-2b34a0608e52,1,pancake,/Volumes/Disc/1Pictures/Flashcard/pancake.jpg
230,8346cdd5-2eb1-4348-b321-0578a33934ea,1,ambulance,/Volumes/Disc/1Pictures/Flashcard/ambulance.jpg
390,fac03e5f-454d-4750-80f7-25e23acb2a99,1,to wash,/Volumes/Disc/1Pictures/Flashcard/wash.jpg
400,5d95c9d4-ecbd-416f-9430-569a780417bd,1,"washing up, dish washing","/Volumes/Disc/1Pictures/Flashcard/washing up, dish washing.jpg"
510,a304ea6a-3760-4775-b596-fff9d2d4f5a9,1,people,/Volumes/Disc/1Pictures/Flashcard/people.jpg
227,3265c6ac-ef59-4524-81a4-91db1a55a3b8,1,temperature,/Volumes/Disc/1Pictures/Flashcard/temperature.jpg
245,2ca406b6-0873-471b-b336-75c75573dbac,1,to smoke,/Volumes/Disc/1Pictures/Flashcard/smoke.jpg
352,973124d8-c705-47e8-86c2-313651b34d22,1,autumn,/Volumes/Disc/1Pictures/Flashcard/autumn.jpg
453,edf71517-f19d-4639-ab00-4dbad2ded203,1,centre,/Volumes/Disc/1Pictures/Flashcard/centre.jpg
418,aedbe5d5-4c44-4d96-9770-788b95a1fc14,1,orange,/Volumes/Disc/1Pictures/Flashcard/orange.jpg
693,dc1455eb-0700-4eb6-9316-a0fd8b969c7f,1,cheap,/Volumes/Disc/1Pictures/Flashcard/cheap.jpg
464,4d9a2e70-ac96-497a-8815-d92ad6526757,1,block of flats,/Volumes/Disc/1Pictures/Flashcard/block of flats.jpg
574,9d1c7980-12f9-4edc-8719-297bf0af24bd,1,juice,/Volumes/Disc/1Pictures/Flashcard/juice.jpg
401,53bbd5e9-79b6-4121-bef5-3a4e23f0f85c,1,apricot,/Volumes/Disc/1Pictures/Flashcard/apricot.jpg
591,dfe22019-f76e-4f57-88f5-602bf870ea99,1,"cheque, check","/Volumes/Disc/1Pictures/Flashcard/cheque, check.jpg"
535,43f56a1e-cbaa-4e9b-93a6-cc7d9ad1e089,1,love,/Volumes/Disc/1Pictures/Flashcard/love.jpg
647,1c2d4e31-7b08-4e70-9b6e-293416f6d13e,1,face (appearance),/Volumes/Disc/1Pictures/Flashcard/face (appearance).jpg
766,db11ce5f-e17d-4a96-83a6-b742110994c7,1,T-shirt,/Volumes/Disc/1Pictures/Flashcard/T-shirt.jpg
476,bff77a41-0401-4f3a-be28-23d6f35c019f,1,"clear, light, bright","/Volumes/Disc/1Pictures/Flashcard/clear, light, bright.jpg"
576,bc720e8d-5bd7-404f-a9e4-f4aae8edfeb0,1,lemonade,/Volumes/Disc/1Pictures/Flashcard/lemonade.jpg
696,e642fcde-673f-400c-b4d6-8a2a5f3860eb,1,to look for,/Volumes/Disc/1Pictures/Flashcard/look for.jpg
767,1ea1e775-3c13-4011-8337-39cf866c73e7,1,clothes,/Volumes/Disc/1Pictures/Flashcard/clothes.jpg
798,745e1b57-dd83-447b-a481-5713ee2af6eb,1,wardrobe,/Volumes/Disc/1Pictures/Flashcard/wardrobe.jpg
559,faac442e-433a-4adc-a132-a5569c49c943,1,to be thirsty,/Volumes/Disc/1Pictures/Flashcard/be thirsty.jpg
641,bd078bc9-e882-47e3-86db-ddd2801105c9,1,elbow,/Volumes/Disc/1Pictures/Flashcard/elbow.jpg
684,8b1bcf8e-f709-455b-9eb7-38b398530f2e,1,underground train,/Volumes/Disc/1Pictures/Flashcard/underground train.jpg
975,1261dd8f-ff36-4a43-911a-418d40565da5,1,long,/Volumes/Disc/1Pictures/Flashcard/long.jpg
751,8eb8777f-183d-4af1-a175-3d5fe22e5474,1,shoe,/Volumes/Disc/1Pictures/Flashcard/shoe.jpg
791,58c14ee0-b6fd-474f-90c0-b44cb21fb99a,1,under,/Volumes/Disc/1Pictures/Flashcard/under.jpg
801,ae48bd5c-62c9-475a-ba18-17aa6e07b6bd,1,bedroom,/Volumes/Disc/1Pictures/Flashcard/bedroom.jpg
816,f62e7805-abf2-479d-aa43-9e9985496ae5,1,to lie down,/Volumes/Disc/1Pictures/Flashcard/lie down.jpg
826,33faff31-34c0-4589-947b-1e22b378a9d3,1,adventure,/Volumes/Disc/1Pictures/Flashcard/adventure.jpg
1000,7fa38236-61ab-4dd7-b83f-0105e49b4f26,1,fire (blaze),/Volumes/Disc/1Pictures/Flashcard/fire (blaze).jpg
2421,08de81af-3495-410b-b848-8fc27555a845,2,to finish,/Volumes/Disc/1Pictures/Flashcard/to finish (off).jpg
2239,162ad391-8656-4abe-ab22-4b7ac2be6319,2,sport,/Volumes/Disc/1Pictures/Flashcard/sport.jpg
2337,32defcad-b504-400c-965b-5c320b3cd20b,2,clock (2),/Volumes/Disc/1Pictures/Flashcard/clock.jpg
2419,904e86bf-82ae-4d6a-b9dc-4859bb53bb1a,2,bicycle (2),/Volumes/Disc/1Pictures/Flashcard/bicycle.jpg
2430,39f07c7b-3212-475f-93d6-31b30aefcd3b,2,face,/Volumes/Disc/1Pictures/Flashcard/face (appearance).jpg
454,6261d20f-016f-427b-92ee-29fcd8d4430f,1,traffic,/Volumes/Disc/1Pictures/Flashcard/traffic.jpg
597,78c36e8b-23c6-42b5-b986-0dff14e7e170,1,"mail (post, letters)",/Volumes/Disc/1Pictures/Flashcard/mail (post).jpg
