"Flag","English","Foreign","Gender","Descriptor","Memory Trigger","File Name"
"Re-record English audio","cabbage","le chou","male","Re-record English audio, male","a man (m) hitting a *cabbage *with a {{SHOE}} and saying, {{"" SHOO!}} Go away *cabbage*.""","cabbage.mp3"
"Re-record English audio","corner","le coin","male","Re-record English audio, male","standing on the *corner *is guitarist Leonard {{COHEN}} (m), who is standing beside a giant {{COIN}}.","corner.mp3"
"Re-record English audio","to use (make use of), utilise","utiliser","","Re-record English audio","saying, ""You can *use *and {{UTILISE}} any of these tools.""","to use (2).mp3"
"Re-record English audio","what? what is that?","qu'est-ce que?","","Re-record English audio","a journalist saying, ""*What* did you {{KISS COW}} for?""","what ,q.mp3"
"Re-record English audio","excuse me! pardon me!","pardon!","","Re-record English audio","saying, ""*Excuse me *… I beg your {{PARDON …""}}","excuse me.mp3"
"Re-record English audio","to shiver, tremble","trembler","","Re-record English audio","a man in the French colours *shivering * and {{TREMBLING}} .","shiver.mp3"
"Re-record foreign audio","nobody","ne … personne","","Re-record foreign audio","a man saying, ""that {{PERSON}} is a *nobody*!""","ne - personne ,adv.mp3"
"Re-record foreign audio","or","ou","","Re-record foreign audio","{{OOH ! }}Left *OR *Right ?","ou ,conj.mp3"
"Re-record foreign audio","please","s'il vous plaît","","Re-record foreign audio","saying,""*Please* give me the {{SILVER PLATE?""}}","sil vous plait.mp3"
"Re-record foreign audio","to need","avoir besoin de","","Re-record foreign audio","you *need* food in {{A WAR}} for your {{BEST SWINE!}}","avoir besoin ,v.mp3"
"Re-record trigger audio","before","avant","","Re-record trigger audio","that *before* the big event, practise in {{ADVANCE}}.","trigger.mp3"
"Re-record trigger audio","to work","travailler","","Re-record trigger audio","a {{TREVALLY}} fish *works *with John {{TRAVOL}}ta doing roadworks.","travailler.mp3"
"Re-record trigger audio","chair","la chaise","female","Re-record trigger audio, female","{{CHER IS}} (f) sitting on a *chair *eating {{CHEESE,}} adding up the {{SHARES}} in her portfolio.","chaise.mp3"
"Re-record trigger audio","stairs","l'escalier (m)","male","Re-record trigger audio, male","beside the *stairs* is a fisherman (m) with his {{SCALES}} and his {{SCALEY}} fish.","escalier.mp3"
"Re-record trigger audio","shelf","l'étagère (f)","female","Re-record trigger audio, female","""{{LET US SHARE}} the *shelf*,"" says CHER (f).","etagere.mp3"
"Re-record trigger audio","laundry, washing","la lessive","female","Re-record trigger audio, female","your mother (f) doing the *laundry *at the laundrette says, ""It would cost {{LESS IF}} I had less *washing!*""","trigger.mp3"
"Re-record trigger audio","in front of","devant","","Re-record trigger audio","standing *in front *of the {{DIVAN}} is {{DEVONTE}}.","devant.mp3"
"Re-record trigger audio","west","l'ouest (m)","male","Re-record trigger audio, male","a cowboy (m) says ""*{{LOU, WEST}}* is that way.""","ouest.mp3"
"Re-record trigger audio","chocolate","le chocolat","male","Re-record trigger audio, male","Willy Wonka (m) with *{{CHOCOLATE}}* which he washes down with {{SHOCK COLA}}, a cola drink that gives electric shocks!","trigger.mp3"
"Re-record trigger audio","cheese","le fromage","male","Re-record trigger audio, male","*cheese *being sold by boxer George Foreman (m), {{FROM A GE}}nuine organic farming source.","fromage.mp3"
"Re-record trigger audio","taste, flavour","le goût","male","Re-record trigger audio, male","Mr Gourmet (m) says, ""The *taste *of this {{GOO}} is {{GOOD.}} It's {{GOO}}-geous.""","gout.mp3"
"Re-record trigger audio","fifteen","quinze","","Re-record trigger audio","*fifteen*-year-olds drinking from {{CANS}} on the beach in {{CANNES}}.","quinze.mp3"
"Re-record trigger audio","at the present time","actuellement","","Re-record trigger audio","saying, ""At the *present time *what I {{ACTUALLY MEANT}} was …""","actuellement.mp3"
"Re-record trigger audio","already","déjà","","Re-record trigger audio","the waiter asks the guest,""DID YA already eat enough?""","deja.mp3"
"Re-record trigger audio","night","la nuit","female","Re-record trigger audio, female","the lady (f) {{GNU EAT NEW WEED}} at *night*.","nuit.mp3"
"Re-record trigger audio","delicious","délicieux","","Re-record trigger audio","In the {{DELI, SEE A}} lot of *delicious *dishes.","delicieux.mp3"
"Re-record trigger audio","fork","la fourchette","female","Re-record trigger audio, female","the lady chef (f) has {{FOUR SHEDS}} full of *forks*.","fourchette.mp3"
"Re-record trigger audio","included (inc…)","inclus","","Re-record trigger audio","the detective says, ""{{AN' CLUE}} was included in the box!""","inclus.mp3"
"Re-record trigger audio","bill (invoice)","la note","female","Re-record trigger audio, female","a waitress (f) says, ""Here is the *bill *- please pay in {{NOTE}}s.""","trigger.mp3"
"Re-record trigger audio","whose?","à qui?","","Re-record trigger audio","a man says, ""*whose * {{AAH-KEY}} is this?""","trigger.mp3"
"Re-record trigger audio","any, not any, no","aucun","","Re-record trigger audio","there are *not any* {{"" ACORNS}} under this {{OAK IN}} winter…""","aucun.mp3"
"Re-record trigger audio","outside, out","dehors","","Re-record trigger audio","*outside *on the street is {{DE OAR.}}","dehors.mp3"
"Re-record trigger audio","or","ou","","Re-record trigger audio","{{OOH ! }}Left *OR *Right ?","ou (or).mp3"
"Re-record trigger audio","to be born","naître","","Re-record trigger audio","that you would like your kids *to be born *outside with Mother {{NATURE}}.","naitre.mp3"
"Re-record trigger audio","Dad","le papa","male","Re-record trigger audio, male","{{PAPA }}Bear (m) is yo *DAD*, yo *DADDY !* ","papa.mp3"
"Re-record trigger audio","summer","l'été (m)","male","Re-record trigger audio, male","*Summer Lad* (m) loves the long {{LATE DAY}}s in *summer*.","ete.mp3"
"Re-record trigger audio","the months of the year","les mois de l'année (m)","male","Re-record trigger audio, male","every *month of the year* a theatrical man (m) wants to kiss {{MWA DEAR LANNY !}}","Mois de annee"
"Re-record trigger audio","kitchen","la cuisine","female","Re-record trigger audio, female","""I love a {{QUIZ IN}} the *kitchen,*"" says quizmistress Anne Robinson (f).","cuisine.mp3"
"Re-record trigger audio","gas stove, gas cooker","la cuisinière à gaz","female","Re-record trigger audio, female","Anne Robinson (f) says ""Let's have a {{QUIZ IN 'ERE - A GAS QUIZ}} on *gas stoves*.""","cuisiniere a gas.mp3"
"Re-record trigger audio","electric stove, electric cooker","la cuisinière électrique","female","Re-record trigger audio, female","Anne Robinson (f) says ""Let's have a {{QUIZ IN 'ERE - ELECTRIC QUIZ ON}} *electric stoves*.""","cuisiniere electrique.mp3"
"Re-record trigger audio","stove","le poêle","male","Re-record trigger audio, male","a *stove* on the end of a {{POLE}} held by a {{PAUL}}(m) the {{POLE}} vaulter. ","trigger.mp3"
"Re-record trigger audio","apricot","l'abricot (m)","male","Re-record trigger audio, male","a male fruit seller (m) hits an *apricot *with {{A BRICK O}}ver and over again.","abricot.mp3"
"Re-record trigger audio","pineapple","l'ananas (m)","male","Re-record trigger audio, male","picking pineapples is Mr *Pineapple* and his no-name ass - {{ANON ASS}}.","ananas.mp3"
"Re-record trigger audio","cherry","la cerise","female","Re-record trigger audio, female","{{CHERIE}} Blair (f) looks at a bunch of {{CHERRIES SERIOUS}}-ly.","trigger.mp3"
"Re-record trigger audio","chips, french fries","les frites (f)","female","Re-record trigger audio, female","a lady (f) cooking *french fries * gives {{FREE T}}ee-shirts away.","trigger.mp3"
"Re-record trigger audio","lettuce","la laitue","female","Re-record trigger audio, female","Laetitia (f) does {{LAY TWO}} *lettuces* on the table.","trigger.mp3"
"Re-record trigger audio","apple","la pomme","female","Re-record trigger audio, female","Lady {{POM}} (f), eating an *apple* while wearing a hat with a {{POM-POM.}}","trigger.mp3"
"Re-record trigger audio","potato","la pomme de terre","female","Re-record trigger audio, female","a {{POM}} lady (f) with a {{POM-POM DETERS}} you from buying *potatoes*.","pomme de terre.mp3"
"Re-record trigger audio","rice","le riz","male","Re-record trigger audio, male","{{REE}}CE (m) is buried in *rice*!","riz.mp3"
"Re-record trigger audio","district","le quartier","male","Re-record trigger audio, male","a thug (m) says ""Never wear your expensive **{{CARTIER }}**watch in this *district.*","quartier.mp3"
"Re-record trigger audio","town, city","la ville","female","Re-record trigger audio, female","Carmen (f) loves the *town *of {{SEVILLE}}.","ville.mp3"
"Re-record trigger audio","surprising","surprenant","","Re-record trigger audio","""How *surprising!* "" says the police {{SERPENT SUPERINTENDENT}} .","surprenant.mp3"
"Re-record trigger audio","people","les gens (m)","male","Re-record trigger audio, male","all the *people *are men (m) name {{JOHN}}.","gens.mp3"
"Re-record trigger audio","the (feminine)","la","","Re-record trigger audio","the lady opera singer (f) sings, ""{{LAAAA }} - *THE *one !""","la (fem).mp3"
"Re-record trigger audio","the (masculine)","le","","Re-record trigger audio","the man says, ""At last - *THE* {{LUH-LURV }}of my life !""","le, les.mp3"
"Re-record trigger audio","their","leur","","Re-record trigger audio","pointing to the {{LAIR}} of a family of wolves saying, ""That is *their * {{LAIR}}.""","leur.mp3"
"Re-record trigger audio","me","moi","","Re-record trigger audio","a young lady puckers saying, ""A kiss for ME {{MMWA!"" }}","moi.mp3"
"Re-record trigger audio","somewhere","quelque part","","Re-record trigger audio","that *somewhere *you have left you {{CALCU}}lator {{PART}}.","trigger.mp3"
"Re-record trigger audio","please","s'il te plaît","","Re-record trigger audio","saying, ""Can you *please *get your {{SEAL TO PLAY}} instead?""","sil te plait.mp3"
"Re-record trigger audio","please","s'il vous plaît","","Re-record trigger audio","saying,""*Please* give me the {{SILVER PLATE?""}}","trigger.mp3"
"Re-record trigger audio","to love, adore","adorer","","Re-record trigger audio","a couple in *love *looking at each other in front of the French flag saying, ""I {{ADORE}} you.""","adorer.mp3"
"Re-record trigger audio","friendship","l'amitié (f)","female","Re-record trigger audio, female","two girls (f) agree, ""We'll {{MEET 'ERE}} to improve our *friendship*.""","amitie.mp3"
"Re-record trigger audio","to be present at","assister à","","Re-record trigger audio","you were *present *at the accident site to {{ASSIST A}}nd *help*.","assister a.mp3"
"Re-record trigger audio","beer","la bière","female","Re-record trigger audio, female","Mama {{BEAR}} (f) drinking a * {{BEER}}* in the French colours.","biere.mp3"
"Re-record trigger audio","steak (bi…)","le bifteck","male","Re-record trigger audio, male","a butcher (m) {{BIFFS}} a piece of *beef steak *then hits a {{TACK}} into it... a {{BEEF TACK.}}","bifteck.mp3"
"Re-record trigger audio","drink","la boisson","female","Re-record trigger audio, female","a drunk girl (f) waving a bra saying, ""I am going to dwink my dwink and sing a {{BWA SONG}} about {{BWA}}s…""","boisson.mp3"
"Re-record trigger audio","cork","le bouchon","male","Re-record trigger audio, male","President (m) BUSH ON the wine tries to {{PUSH ON}} a *cork* into a wine bottle.","bouchon.mp3"
"Re-record trigger audio","bank","la banque","female","Re-record trigger audio, female","a female * {{BANK}} *teller (f) says, ""This *bank *job is {{BONK}}ers.""","trigger.mp3"
"Re-record trigger audio","account","le compte","male","Re-record trigger audio, male","a man (m) gets his *account *and {{COMBED}} his hair on to it.","compte.mp3"
"Re-record trigger audio","mail (post, letters)","le courrier","male","Re-record trigger audio, male","a {{KOREAN}} male {{COURIER}} driver (m) from Fedex brings you the *mail*.","courrier.mp3"
"Re-record trigger audio","exchange rate","le cours","male","Re-record trigger audio, male","the male bank teller (m) says, ""The *exchange rate? *- of {{COURSE}} I can tell you that …,"" and he is musician, Jim {{CORR}} (m).","trigger.mp3"
"Re-record trigger audio","change (money)","la monnaie","female","Re-record trigger audio, female","{{MONA YEE}} (f) gives your *change* in {{MONEY.}}","monnaie.mp3"
"Re-record trigger audio","first name","le prénom","male","Re-record trigger audio, male","Mr Christian (m) saying, ""My * Christian* * name* is my * first name* , which is the name I use while praying, so I also call it my {{PRAY NAME}} .""","prenom.mp3"
"Re-record trigger audio","to sign","signer","","Re-record trigger audio","someone says, ""Please *sign *here to say that I've {{SEEN YE , AYE. ""}}","signer.mp3"
"Re-record trigger audio","toothbrush","la brosse à dents","female","Re-record trigger audio, female","a lady dental hygienist (f) will {{BRUSH A DENT}} with the *toothbrush.*","brosse a dents"
"Re-record trigger audio","perfume","le parfum","male","Re-record trigger audio, male","""My Mr {{PARR FAN}} loves this perfume !"" says the golfer.","parfum.mp3"
"Re-record trigger audio","comb","le peigne","male","Re-record trigger audio, male","Harry {{PAYNE }}(m) in {{PAIN}} as he combs his hair with a *comb*.","peigne.mp3"
"Re-record trigger audio","to bathe","se baigner","","Re-record trigger audio","{{SIR BEAN}} *bathes himself*  in the bath.","se baigner.mp3"
"Re-record trigger audio","towel","la serviette","female","Re-record trigger audio, female","a woman (f) being furious because you asked for a *towel *but were given a {{SERVIETTE}}.","trigger.mp3"
"Re-record trigger audio","ear","l'oreille (f)","female","Re-record trigger audio, female","that from the *ear* of {{LAURA RAY}} (f) shines a {{LOW}}  {{RAY}} of light.","trigger.mp3"
"Re-record trigger audio","blood","le sang","male","Re-record trigger audio, male","while drinking *blood* Dracula (m) {{SANG}} a {{SONG}}.","trigger.mp3"
"Re-record trigger audio","eyes","les yeux (m)","male","Re-record trigger audio, male","a male policeman (m) says, {{"" YEAH!}} I got both his *eyes*,"" when he pokes a crook's *eyes*.","yeux.mp3"
"Re-record trigger audio","ticket (b…)","le billet","male","Re-record trigger audio, male","{{BILL}} Gates (m) has a *ticket* on B.A. from BEE A!","trigger.mp3"
"Re-record trigger audio","to drive","conduire","","Re-record trigger audio","a concerned mother says, ""… {{CON - D'YOU HEAR}} … *DRIVE* carefully !""","trigger.mp3"
"Re-record trigger audio","to brake","freiner","","Re-record trigger audio","{{RE-FRAIN}} from speeding - *BRAKE *now !","freiner.mp3"
"Re-record trigger audio","station","la gare","female","Re-record trigger audio, female","the {{GUARD }}at the *train station* is Great GARBO (f).","gare.mp3"
"Re-record trigger audio","oil","l'huile (f)","female","Re-record trigger audio, female","a *oil* heiress (f) pours *oil* on the squeaky {{WHEEL.}}","huile.mp3"
"Re-record trigger audio","underground train","le métro","male","Re-record trigger audio, male","the male train driver (m) plays music to the beat of the {{METRO}} nome on the front of his Paris *underground train* .","metro.mp3"
"Re-record trigger audio","platform","le quai","male","Re-record trigger audio, male","Mr Kay is the guard on *railway platform* {{K}}.","quai.mp3"
"Re-record trigger audio","to stop","s'arrêter","","Re-record trigger audio","{{SIR}} the {{RAY-TAY-}}SER will *STOP* that man.","sarreter.mp3"
"Re-record trigger audio","purchase","l'achat (m)","male","Re-record trigger audio, male","{{A SHAH}} makes a big *purchase!*","achat.mp3"
"Re-record trigger audio","to buy","acheter","","Re-record trigger audio","you *buy *a m {{ACHETE}}.","acheter.mp3"
"Re-record trigger audio","to spend (money)","dépenser","","Re-record trigger audio","How much I *spend* {{DEPENDS}} on the price.""","depenser.mp3"
"Re-record trigger audio","car park","le parking","male","Re-record trigger audio, male","the PARK KING (m) in the *car park* {{PARKING}} his car.","parking.mp3"
"Re-record trigger audio","to accept","accepter","","Re-record trigger audio","saying, ""I* {{ACCEPT}}* this gift in the French colours.""","accepter.mp3"
"Re-record trigger audio","to begin","commencer","","Re-record trigger audio","saying, ""We must *begin* ... we need to {{COMMENCE, AYE?!}}""","commencer.mp3"
"Re-record trigger audio","to have to, must","devoir","","Re-record trigger audio","that to kill a devil you *must * {{DEVOUR}} it alive.","devoir.mp3"
"Re-record trigger audio","to throw (launch)","lancer","","Re-record trigger audio","you practise how *to throw *a {{LANCE, AYE}}, so that you can improve your {{LANCE A}}im.","lancer.mp3"
"Re-record trigger audio","to lose","perdre","","Re-record trigger audio","a lady says, ""How did I *lose *my {{PEAR}} from the {{PEAR DRAWER?!}}""","perdre.mp3"
"Re-record trigger audio","to use (make use of), utilise","utiliser","","Re-record trigger audio","saying, ""You can *use *and {{UTILISE}} any of these tools.""","utiliser.mp3"
"Re-record trigger audio","blouse","le chemisier","male","Re-record trigger audio, male","{SHAME HE SAY}} the *blouse* is €900!""","trigger.mp3"
"Re-record trigger audio","raincoat","l'imperméable (m)","male","Re-record trigger audio, male","an {{IMP }}(m) says, ""My *raincoat* is {{IMPERMEABLE!}}","impermeable.mp3"
"Re-record trigger audio","jeans","le jean","male","Re-record trigger audio, male","a GENIE (m) in his *{{JEANS}}* with a French flag.","jean.mp3"
"Re-record trigger audio","skirt","la jupe","female","Re-record trigger audio, female","a lady astronomer (f) has the picture of {{JUP}}iter on her *skirt*.","jupe.mp3"
"Re-record trigger audio","umbrella","le parapluie","male","Re-record trigger audio, male","the PARA-trooper (m) says, ""I'm {{PARA P.LOUIE }}- my *UMBRELLA *saves me !""","trigger.mp3"
"Re-record trigger audio","purse","le porte-monnaie","male","Re-record trigger audio, male","Sailor PORTER (m) keeps his PORT MONEY in a {{purse}}.","porte-monnaie.mp3"
"Re-record trigger audio","to have","avoir","","Re-record trigger audio","*TO HAVE* all the kit in {{A WAR}} is crucial.","avoir.mp3"
"Re-record trigger audio","to do, to make","faire","","Re-record trigger audio","at the {{FAIR}} the engineer *DOES *odd jobs and *MAKES *rides.","trigger.mp3"
"Re-record trigger audio","them, to them","les, leur","","Re-record trigger audio","give *them *the {{LAY}} preacher's sermon.","les, leur.mp3"
"Re-record trigger audio","us, we","nous","","Re-record trigger audio","*WE *love {{NOO}}-dles !","nous.mp3"
"Re-record trigger audio","what? what is that?","qu'est-ce que?","","Re-record trigger audio","a journalist saying, ""*What* did you {{KISS COW}} for?""","trigger.mp3"
"Re-record trigger audio","who? (who as subject)","qui est-ce qui?","","Re-record trigger audio","asking, ""*Who* is the {{GUEST SKI}} thief ?"" ","qui est-ce qui.mp3"
"Re-record trigger audio","time","le temps","male","Re-record trigger audio, male","a man (m) says, ""A {{TON}} of *time* is burying me.""","Temps (time).mp3"
"Re-record trigger audio","picture, image","l'image (f)","female","Re-record trigger audio, female","a lady photographer (f) looking at a *picture *says, ""That  {{IMAGE}} is coming alive…""","image.mp3"
"Re-record trigger audio","bed","le lit","male","Re-record trigger audio, male","on the *bed *is Bruce {{LEE.}} (m)","lit.mp3"
"Re-record trigger audio","computer","l'ordinateur (m)","male","Re-record trigger audio, male","at the *computer* is the Colour Co-{{ORDINATOR}} (m).","ordinateur.mp3"
"Re-record trigger audio","curtain","le rideau","male","Re-record trigger audio, male","pulling the *curtain *a male horse {{RIDER}} (m) reveals a whole bunch of {{REEDS - OH}} no!","rideau.mp3"
"Re-record trigger audio","to wake up","se réveiller","","Re-record trigger audio","soldiers *wake up *when the trumpet plays {{'REVEILLE'}}.","se reveiller.mp3"
"Re-record trigger audio","to go to sleep","s'endormir","","Re-record trigger audio","SON! *GO TO SLEEP* in the {{DORM HERE.}}","sendormir.mp3"
"Re-record trigger audio","to get dressed","s'habiller","","Re-record trigger audio","you *get dressed *in {{SHABBY}} clothes on the {{SUB YAY !}}","shabiller.mp3"
"Re-record trigger audio","overseas, abroad","à l'étranger (m)","male","Re-record trigger audio, male","while visiting parks *overseas *bears {{ALL EAT RANGERS}} for lunch!","a letranger.mp3"
"Re-record trigger audio","suitcase","la valise","female","Re-record trigger audio, female","a *suitcase *carried through the {{VALLEYS}} by {{VALLEY LIZ}} (f).","valise.mp3"
"Re-record trigger audio","journey, voyage","le voyage","male","Re-record trigger audio, male","Michael Palin (m), the travel documentary-maker, who makes a * {{VOYAGE}} *on an old steamer.","voyage.mp3"
"Re-record trigger audio","to need","avoir besoin de","","Re-record trigger audio","you *need* food in {{A WAR}} for your {{BEST SWINE!}}","avoir besoin de.mp3"
"Re-record trigger audio","to take place","avoir lieu","","Re-record trigger audio","{{A WAR at the LOO}} *took place*.","avoir lieu.mp3"
"Re-record trigger audio","to be right","avoir raison","","Re-record trigger audio","{{A WAR RAISIN}} proves *to be right*.","avoir raison.mp3"
"Re-record trigger audio","to be wrong","avoir tort","","Re-record trigger audio","a judge says, ""You are *wrong* - {{A WAR TORE}} the country apart.","avoir tort.mp3"
"Re-record trigger audio","gosh!","ça alors!","","Re-record trigger audio","saying, ""*Gosh*, did baby just {{SAY 'ALLO?}}""","ca alors!.mp3"
"Re-record trigger audio","sorry","excusez-moi","","Re-record trigger audio","saying, ""*Sorry, excuse, me* –  {{EXCUSE THE MWAH}} (kiss) I need to get through!""","excusez-moi.mp3"
"Re-record trigger audio","lamb","l'agneau (m)","male","Re-record trigger audio, male","a male vet (m) says, ""OK, *Lamb* Boy, ""We'll review you at your {{ANNUAL}} check-up…""","agneau.mp3"
"Re-record trigger audio","cockerel, rooster","le coq","male","Re-record trigger audio, male","the boys (m) are {{COCK}}-a-hoop that their *rooster *scored.*","coq.mp3"
"Re-record trigger audio","fly","la mouche","female","Re-record trigger audio, female","the lady chef finds a *fly* in the {{MOUSSE.}}","mouche.mp3"
"Re-record trigger audio","cow","la vache","female","Re-record trigger audio, female","the milkmaid's (f) *cow* likes to {{WASH}} her face in a {{VASE.}}","vache.mp3"
"Re-record trigger audio","in haste","à la hâte","","Re-record trigger audio","you leave *in haste *holding on to your {{ALLAH HAT ,}} in which you pray to {{ALLAH}}.","a la hate.mp3"
"Re-record trigger audio","against","contre","","Re-record trigger audio","a man was *against *the government so he joined the {{CONTRA}} movement.","trigger.mp3"
"Re-record trigger audio","to believe","croire","","Re-record trigger audio","a witch likes *to believe *a {{CROW}} is a sacred creature.","croire.mp3"
"Re-record trigger audio","danger","le danger","male","Re-record trigger audio, male","a workman (m) in a * {{DANGER}}* area, in the French colours.","trigger.mp3"
"Re-record trigger audio","to celebrate","fêter","","Re-record trigger audio","FAYE and TAY *celebrate* at a {{FETE}}.","feter.mp3"
"Re-record trigger audio","ugly (unsightly)","laid","","Re-record trigger audio","an *ugly* rooster tries to {{LAY}} an egg.","laid.mp3"
"Re-record trigger audio","light, slight","léger","","Re-record trigger audio","""Let's {{LAY JAY}} down on the bed, he's only *light* ,"" says his assistant.","leger.mp3"
"Re-record trigger audio","death","la mort","female","Re-record trigger audio, female","Demi {{MOORE}} (f) tells *DEATH* ""You don't scare me any {{MORE … !""}}","mort.mp3"
"Re-record trigger audio","to die","mourir","","Re-record trigger audio","a man is destined *to die* after the {{MOOR}} cow kicked his {{REAR}}.","mourir.mp3"
"Re-record trigger audio","poor","pauvre","","Re-record trigger audio","a *poor *man says, {{"" POVER}}ty is not a nice state to be in…""","pauvre.mp3"
"Re-record trigger audio","to remember (se s…)","se souvenir de","","Re-record trigger audio","you *remember* your trip to Paris by the {{SOUVENIR}} that you bought.","trigger.mp3"
"Re-record trigger audio","to be bored","s'ennuyer","","Re-record trigger audio","""{{SON, WE ATE}} too early, now we're *bored...* "" ","sennuyer.mp3"
"Re-record trigger audio","to learn","apprendre","","Re-record trigger audio","the {{APPRENT}}ice must *LEARN* to make {{A PRAWN DRAWER.}}","apprendre.mp3"
"Re-record trigger audio","pencil","le crayon","male","Re-record trigger audio, male","a boy (m) draws with a *pencil *but says, ""I prefer a {{CRAYON .""}}","crayon.mp3"
"Re-record trigger audio","school","l'école (f)","female","Re-record trigger audio, female","at *school* the lady teacher  (f) must {{LAY COAL}} so the *school *stays warm.","ecole.mp3"
"Re-record trigger audio","rubber, eraser","la gomme","female","Re-record trigger audio, female","a girl's (f) {{GUM}} is stuck to her *eraser*.","gomme.mp3"
"Re-record trigger audio","subject (school, academic)","la matière","female","Re-record trigger audio, female","""My {{MATTY HAIR}} is today's *subject!*"" says the girl Mrs MATTY HAIR (f).","matiere.mp3"
"Re-record trigger audio","approximately","à peu près","","Re-record trigger audio","""*at approximately *midday each day I hear {{A POPE PRAY}}.""","trigger.mp3"
"Re-record trigger audio","enough","assez","","Re-record trigger audio","someone says, {{""I SAY ,}} I have had *enough*.""","assez.mp3"
"Re-record trigger audio","at least","au moins","","Re-record trigger audio","""... {{OH MOWING}} - *at least* I'm busy!"" ","au moins.mp3"
"Re-record trigger audio","each","chaque","","Re-record trigger audio","*each *time {{JACK}} went up to the well a {{SHARK}} would jump out of the well.","trigger.mp3"
"Re-record trigger audio","never","ne … jamais","","Re-record trigger audio","the guitarist says, ""I'll *never* {{JAM}} with MAY !""","ne jamais.mp3"
"Re-record trigger audio","except","sauf","","Re-record trigger audio","a man says, ""I'll go nowhere *except* the {{SOFA!}}""","sauf.mp3"
"Re-record trigger audio","too, too much, too many","trop","","Re-record trigger audio","*too much* {{TRO}}-pical fruit…","trop.mp3"
"Re-record trigger audio","atmosphere","l'ambiance (f)","female","Re-record trigger audio, female","Miss Café's (f) lovely *atmosphere* is shattered by an  {{AMBULANCE.}}","ambience.mp3"
"Re-record trigger audio","tree","l'arbre (m)","male","Re-record trigger audio, male","the sea-captain (m) says, ""That *tree *has blocked the {{'ARBOUR }}!""","arbre.mp3"
"Re-record trigger audio","wood","le bois","male","Re-record trigger audio, male","""{{BWA!}} I broke the *WOOD!*"" says Bruce Lee (m).","bois.mp3"
"Re-record trigger audio","hill","la colline","female","Re-record trigger audio, female","{{COLLEEN}} (f) slides down the *hill*.","trigger.mp3"
"Re-record trigger audio","farm","la ferme","female","Re-record trigger audio, female","a farmer woman (f) who stands {{FIRM}} on the *FARM*.","ferme.mp3"
"Re-record trigger audio","flower","la fleur","female","Re-record trigger audio, female","a *flower* likes to {{FLIRT }}with the lady gardener (f).","fleur.mp3"
"Re-record trigger audio","river","le fleuve","male","Re-record trigger audio, male","down the *river*  floats the man with a {{FLU }}on a letter {{V.}}","fleuve.mp3"
"Re-record trigger audio","forest","la forêt","female","Re-record trigger audio, female","Little Red Riding Hood (f) goes {{FOR A FORAY}} in the *forest*.","foret.mp3"
"Re-record trigger audio","lake","le lac","male","Re-record trigger audio, male","a fisherman (m) at the *lake *says, ""This *lake * {{LACK}}s fish … or {{LUCK}} ...""","lac.mp3"
"Re-record trigger audio","wall","le mur","male","Re-record trigger audio, male","a male {{MOR}}ay eel (m) {{MOOR}}s his boat to the *wall*.","mur.mp3"
"Re-record trigger audio","news (current events)","les actualités (f)","female","Re-record trigger audio, female","a lady newsreader (f) says, ""These {{ACTUALITIES }}are the *news *!""","trigger.mp3"
"Re-record trigger audio","ball, bullet","la balle","female","Re-record trigger audio, female","a lady goalkeeper (f) stops a **{{BALL}}** in the French colours - and a *bullet*.","trigger.mp3"
"Re-record trigger audio","ball","le ballon","male","Re-record trigger audio, male","Monsieur Montgolfier (m), drops a *ball* from his hot air {{BALLOON.}}","ballon.mp3"
"Re-record trigger audio","bar","le bar","male","Re-record trigger audio, male","a cowboy (m) enters the {{BAR}} in the French colours .","bar.mp3"
"Re-record trigger audio","bar, pub","le bistro","male","Re-record trigger audio, male","in the *bar / pub* does a male {{BEAST ROW.}}","bistro.mp3"
"Re-record trigger audio","cinema","le cinéma","male","Re-record trigger audio, male","the Lumière brothers (m) in their CINEMA with a French flag.","cinema.mp3"
"Re-record trigger audio","disco","la disco (thèque)","female","Re-record trigger audio, female","Olivia Newton John (f) at the * {{DISCO ,}} *whose sign is in the French colours.","trigger.mp3"
"Re-record trigger audio","game","le jeu","male","Re-record trigger audio, male","the JEWEL wins the *game* for Mr Jewel (m).","jeu.mp3"
"Re-record trigger audio","newspaper","le journal","male","Re-record trigger audio, male","Monsieur Editor's {{JOURNAL}} turns into a *newspaper.*","journal.mp3"
"Re-record trigger audio","to read","lire","","Re-record trigger audio","a man in the library pretends *to read *a book, but is really only there to {{LEER.}}","trigger.mp3"
"Re-record trigger audio","walk","la promenade","female","Re-record trigger audio, female","{{PROM}} Girl (f) goes for a *walk* down the {{PROMENADE.}}","promenade.mp3"
"Re-record trigger audio","novel","le roman","male","Re-record trigger audio, male","reading a *novel* is a {{ROMAN}} gladiator (m).","trigger.mp3"
"Re-record trigger audio","to have a good time","s'amuser","","Re-record trigger audio","{{SAM USE A }}bouncy castle to *have a good time.*","samuser.mp3"
"Re-record trigger audio","to be interested in","s'intéresser à","","Re-record trigger audio","{{SAINT THERESA - AH !}} ... you are *{{INTERESTED IN}}* her!","sinteresser a.mp3"
"Re-record trigger audio","sport","le sport","male","Re-record trigger audio, male","sporty Frenchmen (m) say ""Both the French and the English love {{SPORT!}}","sport.mp3"
"Re-record trigger audio","TV set","le téléviseur","male","Re-record trigger audio, male","your dad (m) holds a {{VISOR}} in front of the *TV* *set *to reduce glare, and calls it a {{TELE-VISOR}}.","trigger.mp3"
"Re-record trigger audio","theatre","le théâtre","male","Re-record trigger audio, male","a male actor (m) is crushed by curtains at the *{{THEATRE}}* which is in the French colours.","trigger.mp3"
"Re-record trigger audio","bicycle","le vélo","male","Re-record trigger audio, male","a boy (m) watches a *bicycle *ridden at high {{VELO}}city.","velo.mp3"
"Re-record trigger audio","to look (ill)","avoir l'air (malade)","","Re-record trigger audio","the {{WARRIOR }}in his {{LAIR }}*looks ILL* with a {{MALADY}}.","avoir lair (malade).mp3"
"Re-record trigger audio","to feel pain in","avoir mal à","","Re-record trigger audio","you *feel pain* after being hit by a {{WAR MALLARD}} with a {{MALLET}}.","avoir mal a.mp3"
"Re-record trigger audio","to have stomach pains","avoir mal à l'estomac","","Re-record trigger audio","{{A WAR MALLARD}} gave {{ESTHER}} a {{SMACK}} in the {{STOMACH }}- and it *hurts*.","avoir mal a lestomac"
"Re-record trigger audio","to have an earache","avoir mal à l'oreille","","Re-record trigger audio","{{A WAR MALLARD}} hit his EAR so a L{{OW RAY}} shoots out.","avoir mal a loreille"
"Re-record trigger audio","to feel sick","avoir mal au cœur","","Re-record trigger audio","{{A WAR MALLARD}} made a *pain *{{OCCUR}} in his *heart*.","avoir mal au coeur"
"Re-record trigger audio","to have a sore back","avoir mal au dos","","Re-record trigger audio","{{A WAR MALLARD}} smacked {{DOUGH}} on his *back *- and it *HURTS *!","avoir mal au dos"
"Re-record trigger audio","to have a toothache","avoir mal aux dents","","Re-record trigger audio","{{A WAR MALLARD OH DARN}} *hurt his teeth*.","avoir mal aux dents"
"Re-record trigger audio","well","bien","","Re-record trigger audio","Will {{BEAN}} is feeling *well*.","bien.mp3"
"Re-record trigger audio","health","la santé","female","Re-record trigger audio, female","Mrs {{SANTA}} Claus (f) gets a clean bill of *health*.","sante.mp3"
"Re-record trigger audio","to cough","tousser","","Re-record trigger audio","a member of the audience of a TV quiz show *coughs* and says, ""I'll just have *to cough * if I'm not allowed {{TO SAY}} the answer out loud!""","tousser.mp3"
